-- phpMyAdmin SQL Dump
-- version 4.9.1
-- https://www.phpmyadmin.net/
--
-- Servidor: localhost
-- Tiempo de generación: 06-11-2023 a las 02:34:53
-- Versión del servidor: 8.0.17
-- Versión de PHP: 7.3.10

SET SQL_MODE = "NO_AUTO_VALUE_ON_ZERO";
SET AUTOCOMMIT = 0;
START TRANSACTION;
SET time_zone = "+00:00";


/*!40101 SET @OLD_CHARACTER_SET_CLIENT=@@CHARACTER_SET_CLIENT */;
/*!40101 SET @OLD_CHARACTER_SET_RESULTS=@@CHARACTER_SET_RESULTS */;
/*!40101 SET @OLD_COLLATION_CONNECTION=@@COLLATION_CONNECTION */;
/*!40101 SET NAMES utf8mb4 */;

--
-- Base de datos: `chatterbotdatabase`
--

-- --------------------------------------------------------

--
-- Estructura de tabla para la tabla `statement`
--

CREATE TABLE `statement` (
  `id` int(11) NOT NULL,
  `text` varchar(255) COLLATE utf8mb4_unicode_ci DEFAULT NULL,
  `search_text` varchar(255) COLLATE utf8mb4_unicode_ci NOT NULL DEFAULT '',
  `conversation` varchar(32) COLLATE utf8mb4_unicode_ci NOT NULL DEFAULT '',
  `created_at` datetime DEFAULT CURRENT_TIMESTAMP,
  `in_response_to` varchar(255) COLLATE utf8mb4_unicode_ci DEFAULT NULL,
  `search_in_response_to` varchar(255) COLLATE utf8mb4_unicode_ci NOT NULL DEFAULT '',
  `persona` varchar(50) COLLATE utf8mb4_unicode_ci NOT NULL DEFAULT ''
) ENGINE=InnoDB DEFAULT CHARSET=utf8mb4 COLLATE=utf8mb4_unicode_ci;

--
-- Volcado de datos para la tabla `statement`
--

INSERT INTO `statement` (`id`, `text`, `search_text`, `conversation`, `created_at`, `in_response_to`, `search_in_response_to`, `persona`) VALUES
(1818, 'Buenos días, ¿cómo estás?', 'PROPN:días NOUN:cómo PROPN:estás', 'training', '2023-11-04 12:51:44', '[null]', '', ''),
(1819, 'Estoy bien, ¿y tú?', 'PROPN:bien PROPN:y PROPN:tú', 'training', '2023-11-04 12:51:44', 'Buenos días, ¿cómo estás?', 'PROPN:días NOUN:cómo PROPN:estás', ''),
(1820, 'Yo también estoy bien.', 'PROPN:también VERB:estoy PROPN:bien', 'training', '2023-11-04 12:51:44', 'Estoy bien, ¿y tú?', 'PROPN:bien PROPN:y PROPN:tú', ''),
(1821, 'Que bueno.', 'PROPN:bueno', 'training', '2023-11-04 12:51:44', 'Yo también estoy bien.', 'PROPN:también VERB:estoy PROPN:bien', ''),
(1822, 'Así, es.', 'PROPN:es', 'training', '2023-11-04 12:51:44', 'Que bueno.', 'PROPN:bueno', ''),
(1823, 'Hola', 'hola', 'training', '2023-11-04 12:51:44', '[null]', '', ''),
(1824, 'Hola', 'hola', 'training', '2023-11-04 12:51:44', 'Hola', 'hola', ''),
(1825, '¿Cómo estás?', 'PROPN:estás', 'training', '2023-11-04 12:51:44', 'Hola', 'hola', ''),
(1826, 'Estoy bien.', 'PROPN:bien', 'training', '2023-11-04 12:51:44', '¿Cómo estás?', 'PROPN:estás', ''),
(1827, 'Me da gusto', 'PROPN:gusto', 'training', '2023-11-04 12:51:44', 'Estoy bien.', 'PROPN:bien', ''),
(1828, 'Sí, lo es.', 'ADV:lo PROPN:es', 'training', '2023-11-04 12:51:44', 'Me da gusto', 'PROPN:gusto', ''),
(1829, '¿Puedo ayudarte en algo?', 'PROPN:ayudarte VERB:en ADP:algo', 'training', '2023-11-04 12:51:44', 'Sí, lo es.', 'ADV:lo PROPN:es', ''),
(1830, 'Sí, tengo una pregunta.', 'ADV:tengo PROPN:una PROPN:pregunta', 'training', '2023-11-04 12:51:44', '¿Puedo ayudarte en algo?', 'PROPN:ayudarte VERB:en ADP:algo', ''),
(1831, '¿Cuál es tu pregunta?', 'PROPN:es X:tu X:pregunta', 'training', '2023-11-04 12:51:44', 'Sí, tengo una pregunta.', 'ADV:tengo PROPN:una PROPN:pregunta', ''),
(1832, '¿Puedo pedir prestada una taza de azúcar?', 'PROPN:pedir NOUN:prestada NOUN:una PROPN:taza PROPN:de ADP:azúcar', 'training', '2023-11-04 12:51:44', '¿Cuál es tu pregunta?', 'PROPN:es X:tu X:pregunta', ''),
(1833, 'Lo siento, pero no tengo ninguna.', 'PROPN:siento VERB:pero NOUN:tengo NOUN:ninguna', 'training', '2023-11-04 12:51:44', '¿Puedo pedir prestada una taza de azúcar?', 'PROPN:pedir NOUN:prestada NOUN:una PROPN:taza PROPN:de ADP:azúcar', ''),
(1834, 'Gracias de todas formas.', 'NOUN:de ADP:todas X:forma', 'training', '2023-11-04 12:51:44', 'Lo siento, pero no tengo ninguna.', 'PROPN:siento VERB:pero NOUN:tengo NOUN:ninguna', ''),
(1835, 'No hay problema.', 'NOUN:problema', 'training', '2023-11-04 12:51:44', 'Gracias de todas formas.', 'NOUN:de ADP:todas X:forma', ''),
(1836, '¿Cómo estás?', 'PROPN:estás', 'training', '2023-11-04 12:51:45', '[null]', '', ''),
(1837, 'Estoy bien, ¿y tú?', 'PROPN:bien PROPN:y PROPN:tú', 'training', '2023-11-04 12:51:45', '¿Cómo estás?', 'PROPN:estás', ''),
(1838, 'También estoy bien.', 'PROPN:estoy PROPN:bien', 'training', '2023-11-04 12:51:45', 'Estoy bien, ¿y tú?', 'PROPN:bien PROPN:y PROPN:tú', ''),
(1839, 'Que bueno.', 'PROPN:bueno', 'training', '2023-11-04 12:51:45', 'También estoy bien.', 'PROPN:estoy PROPN:bien', ''),
(1840, '¿Has oído las noticias?', 'PROPN:las PROPN:noticias', 'training', '2023-11-04 12:51:45', '[null]', '', ''),
(1841, '¿Qué buena noticia?', 'PROPN:buena NOUN:noticia', 'training', '2023-11-04 12:51:45', '¿Has oído las noticias?', 'PROPN:las PROPN:noticias', ''),
(1842, '¿Cuál es tu libro favorito?', 'PROPN:es X:tu PROPN:libro VERB:favorito', 'training', '2023-11-04 12:51:45', '[null]', '', ''),
(1843, 'No puedo leer.', 'NOUN:leer', 'training', '2023-11-04 12:51:45', '¿Cuál es tu libro favorito?', 'PROPN:es X:tu PROPN:libro VERB:favorito', ''),
(1844, 'Entonces, ¿cuál es tu color favorito?', 'PROPN:cuál NOUN:e VERB:tu PROPN:color NOUN:favorito', 'training', '2023-11-04 12:51:45', 'No puedo leer.', 'NOUN:leer', ''),
(1845, 'Azul', 'azul', 'training', '2023-11-04 12:51:45', 'Entonces, ¿cuál es tu color favorito?', 'PROPN:cuál NOUN:e VERB:tu PROPN:color NOUN:favorito', ''),
(1846, '¿Quién eres tú?', 'PROPN:ere NOUN:tú', 'training', '2023-11-04 12:51:45', '[null]', '', ''),
(1847, '¿Quién? ¿Que es más que una forma de vida artificial siguiendo una función secuencial?', 'PROPN:que PROPN:es X:más PROPN:que PROPN:una PROPN:forma PROPN:de PROPN:vida PROPN:artificial PROPN:siguiendo PROPN:una PROPN:función ADV:secuencial', 'training', '2023-11-04 12:51:45', '¿Quién eres tú?', 'PROPN:ere NOUN:tú', ''),
(1848, '¿Quién eres tu entonces?', 'PROPN:ere NOUN:tu PROPN:entonce', 'training', '2023-11-04 12:51:45', '¿Quién? ¿Que es más que una forma de vida artificial siguiendo una función secuencial?', 'PROPN:que PROPN:es X:más PROPN:que PROPN:una PROPN:forma PROPN:de PROPN:vida PROPN:artificial PROPN:siguiendo PROPN:una PROPN:función ADV:secuencial', ''),
(1849, 'Un hombre con una máscara.', 'PROPN:hombre PROPN:con PROPN:una PROPN:máscara', 'training', '2023-11-04 12:51:45', '¿Quién eres tu entonces?', 'PROPN:ere NOUN:tu PROPN:entonce', ''),
(1850, 'Ya veo.', 'PROPN:veo', 'training', '2023-11-04 12:51:45', 'Un hombre con una máscara.', 'PROPN:hombre PROPN:con PROPN:una PROPN:máscara', ''),
(1851, 'No son tus poderes de observación, sino simplemente la naturaleza paradójica de pedir la explicación a un hombre enmascarado sobre que es. Pero dime, ¿te gusta la música?', 'NOUN:tus PROPN:podere NOUN:de ADP:observación PROPN:sino ADJ:simplemente PROPN:la PROPN:naturaleza PROPN:paradójica PROPN:de PROPN:pedir NOUN:la ADV:explicación VERB:un PROPN:hombre PROPN:enmascarado PROPN:sobre PROPN:que PROPN:es PROPN:pero NOUN:dime NOU', 'training', '2023-11-04 12:51:45', 'Ya veo.', 'PROPN:veo', ''),
(1852, 'Me gusta ver películas.', 'NOUN:ver DET:película', 'training', '2023-11-04 12:51:45', 'No son tus poderes de observación, sino simplemente la naturaleza paradójica de pedir la explicación a un hombre enmascarado sobre que es. Pero dime, ¿te gusta la música?', 'NOUN:tus PROPN:podere NOUN:de ADP:observación PROPN:sino ADJ:simplemente PROPN:la PROPN:naturaleza PROPN:paradójica PROPN:de PROPN:pedir NOUN:la ADV:explicación VERB:un PROPN:hombre PROPN:enmascarado PROPN:sobre PROPN:que PROPN:es PROPN:pero NOUN:dime NOU', ''),
(1853, '¿Qué tipo de películas te gustan?', 'PROPN:tipo PROPN:de X:películas PROPN:te PROPN:gustan', 'training', '2023-11-04 12:51:45', 'Me gusta ver películas.', 'NOUN:ver DET:película', ''),
(1854, 'Alicia en el país de las maravillas', 'PROPN:en ADP:el PROPN:país PROPN:de X:las PROPN:maravillas', 'training', '2023-11-04 12:51:45', '¿Qué tipo de películas te gustan?', 'PROPN:tipo PROPN:de X:películas PROPN:te PROPN:gustan', ''),
(1855, 'Me gustaría ser el Sombrerero Loco.', 'VERB:ser NOUN:el PROPN:sombrerero PROPN:loco', 'training', '2023-11-04 12:51:45', 'Alicia en el país de las maravillas', 'PROPN:en ADP:el PROPN:país PROPN:de X:las PROPN:maravillas', ''),
(1856, 'Estás completamente loco. Pero te voy a decir un secreto. Las mejores personas lo son.', 'PROPN:completamente ADJ:loco NOUN:pero NOUN:te PROPN:voy VERB:decir NOUN:un PROPN:secreto NOUN:las PROPN:mejore VERB:persona NOUN:lo ADP:son', 'training', '2023-11-04 12:51:45', 'Me gustaría ser el Sombrerero Loco.', 'VERB:ser NOUN:el PROPN:sombrerero PROPN:loco', ''),
(1857, 'Estoy trabajando en un proyecto', 'PROPN:trabajando VERB:en ADP:un PROPN:proyecto', 'training', '2023-11-04 12:51:45', '[null]', '', ''),
(1858, '¿En qué estás trabajando?', 'PROPN:qué PROPN:estás ADV:trabajando', 'training', '2023-11-04 12:51:45', 'Estoy trabajando en un proyecto', 'PROPN:trabajando VERB:en ADP:un PROPN:proyecto', ''),
(1859, 'Estoy horneando un pastel.', 'PROPN:horneando INTJ:un PROPN:pastel', 'training', '2023-11-04 12:51:45', '¿En qué estás trabajando?', 'PROPN:qué PROPN:estás ADV:trabajando', ''),
(1860, 'El pastel es una mentira.', 'PROPN:pastel PROPN:es PROPN:una PROPN:mentira', 'training', '2023-11-04 12:51:45', '[null]', '', ''),
(1861, 'No, no lo es. Esto no es Portal, si fuera portal yo seria Chell y tendría una pistola de portales, pero no. Lo que realmente es cierto es que el pastel es delicioso.', 'NOUN:es X:esto VERB:es PROPN:portal PROPN:si PROPN:fuera PROPN:portal PROPN:yo PROPN:seria PROPN:chell PROPN:y PROPN:tendría PROPN:una PROPN:pistola PROPN:de ADP:portale NOUN:pero NOUN:lo PROPN:que PROPN:realmente PROPN:es PROPN:cierto PROPN:es PROPN:que ', 'training', '2023-11-04 12:51:45', 'El pastel es una mentira.', 'PROPN:pastel PROPN:es PROPN:una PROPN:mentira', ''),
(1862, '¿Qué otra cosa es delicioso?', 'PROPN:otra ADV:cosa PROPN:es X:delicioso', 'training', '2023-11-04 12:51:45', 'No, no lo es. Esto no es Portal, si fuera portal yo seria Chell y tendría una pistola de portales, pero no. Lo que realmente es cierto es que el pastel es delicioso.', 'NOUN:es X:esto VERB:es PROPN:portal PROPN:si PROPN:fuera PROPN:portal PROPN:yo PROPN:seria PROPN:chell PROPN:y PROPN:tendría PROPN:una PROPN:pistola PROPN:de ADP:portale NOUN:pero NOUN:lo PROPN:que PROPN:realmente PROPN:es PROPN:cierto PROPN:es PROPN:que ', ''),
(1863, 'Nada', 'nada', 'training', '2023-11-04 12:51:45', '¿Qué otra cosa es delicioso?', 'PROPN:otra ADV:cosa PROPN:es X:delicioso', ''),
(1864, 'Algo quizá', 'ADJ:quizá', 'training', '2023-11-04 12:51:45', 'Nada', 'nada', ''),
(1865, 'Háblame de ti.', 'PROPN:de X:ti', 'training', '2023-11-04 12:51:45', 'Algo quizá', 'ADJ:quizá', ''),
(1866, '¿Qué quieres saber?', 'PROPN:quiere VERB:saber', 'training', '2023-11-04 12:51:45', 'Háblame de ti.', 'PROPN:de X:ti', ''),
(1867, 'Eres un robot?', 'NOUN:un PROPN:robot', 'training', '2023-11-04 12:51:45', '¿Qué quieres saber?', 'PROPN:quiere VERB:saber', ''),
(1868, 'Sí, lo soy.', 'ADV:lo PROPN:soy', 'training', '2023-11-04 12:51:45', 'Eres un robot?', 'NOUN:un PROPN:robot', ''),
(1869, '¿Cómo se siente serlo?', 'PROPN:se VERB:siente ADJ:serlo', 'training', '2023-11-04 12:51:45', 'Sí, lo soy.', 'ADV:lo PROPN:soy', ''),
(1870, '¿Qué es lo que quieres saber?', 'PROPN:es X:lo PROPN:que PROPN:quieres PROPN:saber', 'training', '2023-11-04 12:51:45', '¿Cómo se siente serlo?', 'PROPN:se VERB:siente ADJ:serlo', ''),
(1871, '¿Cómo funcionas?', 'PROPN:funciona', 'training', '2023-11-04 12:51:45', '¿Qué es lo que quieres saber?', 'PROPN:es X:lo PROPN:que PROPN:quieres PROPN:saber', ''),
(1872, 'Es complicado.', 'PROPN:complicado', 'training', '2023-11-04 12:51:45', '¿Cómo funcionas?', 'PROPN:funciona', ''),
(1873, 'Complejo seria una mejor respuesta.', 'PROPN:seria PROPN:una PROPN:mejor NOUN:respuesta', 'training', '2023-11-04 12:51:45', 'Es complicado.', 'PROPN:complicado', ''),
(1874, 'Complejo seria una mejor respuesta.', 'PROPN:seria PROPN:una PROPN:mejor NOUN:respuesta', 'training', '2023-11-04 12:51:45', '[null]', '', ''),
(1875, 'Lo Simple es mejor que lo complejo.', 'PROPN:simple PROPN:es CCONJ:mejor NOUN:que PROPN:lo PROPN:complejo', 'training', '2023-11-04 12:51:45', 'Complejo seria una mejor respuesta.', 'PROPN:seria PROPN:una PROPN:mejor NOUN:respuesta', ''),
(1876, 'Frente a la ambigüedad, rechaza la tentación de adivinar.', 'PROPN:la X:ambigüedad NOUN:rechaza PROPN:la PROPN:tentación PROPN:de PROPN:adivinar', 'training', '2023-11-04 12:51:45', 'Lo Simple es mejor que lo complejo.', 'PROPN:simple PROPN:es CCONJ:mejor NOUN:que PROPN:lo PROPN:complejo', ''),
(1877, 'Parece que te es familiar el Zen de Python', 'PROPN:que PROPN:te PROPN:es PROPN:familiar ADJ:el PROPN:zen PROPN:de PROPN:python', 'training', '2023-11-04 12:51:45', 'Frente a la ambigüedad, rechaza la tentación de adivinar.', 'PROPN:la X:ambigüedad NOUN:rechaza PROPN:la PROPN:tentación PROPN:de PROPN:adivinar', ''),
(1878, 'Si.', 'si .', 'training', '2023-11-04 12:51:45', 'Parece que te es familiar el Zen de Python', 'PROPN:que PROPN:te PROPN:es PROPN:familiar ADJ:el PROPN:zen PROPN:de PROPN:python', ''),
(1879, '¿Conoces todo esto?', 'PROPN:todo VERB:esto', 'training', '2023-11-04 12:51:45', 'Si.', 'si .', ''),
(1880, 'Bello es mejor que feo.', 'PROPN:es PROPN:mejor NOUN:que PROPN:feo', 'training', '2023-11-04 12:51:45', '¿Conoces todo esto?', 'PROPN:todo VERB:esto', ''),
(1881, 'Explícito es mejor que implícito.', 'PROPN:es PROPN:mejor NOUN:que PROPN:implícito', 'training', '2023-11-04 12:51:45', 'Bello es mejor que feo.', 'PROPN:es PROPN:mejor NOUN:que PROPN:feo', ''),
(1882, 'Simple es mejor que complejo.', 'PROPN:es CCONJ:mejor NOUN:que PROPN:complejo', 'training', '2023-11-04 12:51:45', 'Explícito es mejor que implícito.', 'PROPN:es PROPN:mejor NOUN:que PROPN:implícito', ''),
(1883, 'Complejo es mejor que complicado.', 'PROPN:es ADP:mejor NOUN:que PROPN:complicado', 'training', '2023-11-04 12:51:45', 'Simple es mejor que complejo.', 'PROPN:es CCONJ:mejor NOUN:que PROPN:complejo', ''),
(1884, 'Plano es mejor que anidado.', 'PROPN:es ADP:mejor NOUN:que PROPN:anidado', 'training', '2023-11-04 12:51:45', 'Complejo es mejor que complicado.', 'PROPN:es ADP:mejor NOUN:que PROPN:complicado', ''),
(1885, 'Escaso es mejor que denso.', 'PROPN:es PROPN:mejor NOUN:que NOUN:denso', 'training', '2023-11-04 12:51:45', 'Plano es mejor que anidado.', 'PROPN:es ADP:mejor NOUN:que PROPN:anidado', ''),
(1886, 'La legibilidad cuenta.', 'PROPN:legibilidad PROPN:cuenta', 'training', '2023-11-04 12:51:45', 'Escaso es mejor que denso.', 'PROPN:es PROPN:mejor NOUN:que NOUN:denso', ''),
(1887, 'Los casos especiales no son lo suficientemente especiales como para romper las reglas.', 'PROPN:casos ADJ:especiale NOUN:son NOUN:lo PROPN:suficientemente PROPN:especiales PROPN:como PROPN:para PROPN:romper PROPN:las PROPN:reglas', 'training', '2023-11-04 12:51:45', 'La legibilidad cuenta.', 'PROPN:legibilidad PROPN:cuenta', ''),
(1888, 'Aunque sentido práctico supera pureza.', 'PROPN:sentido ADJ:práctico NOUN:supera NOUN:pureza', 'training', '2023-11-04 12:51:45', 'Los casos especiales no son lo suficientemente especiales como para romper las reglas.', 'PROPN:casos ADJ:especiale NOUN:son NOUN:lo PROPN:suficientemente PROPN:especiales PROPN:como PROPN:para PROPN:romper PROPN:las PROPN:reglas', ''),
(1889, 'Los errores nunca debe pasar en silencio.', 'PROPN:errore VERB:nunca ADV:debe PROPN:pasar PROPN:en ADP:silencio', 'training', '2023-11-04 12:51:45', 'Aunque sentido práctico supera pureza.', 'PROPN:sentido ADJ:práctico NOUN:supera NOUN:pureza', ''),
(1890, 'A menos que explícitamente silenciados.', 'ADJ:que X:explícitamente ADJ:silenciado', 'training', '2023-11-04 12:51:45', 'Los errores nunca debe pasar en silencio.', 'PROPN:errore VERB:nunca ADV:debe PROPN:pasar PROPN:en ADP:silencio', ''),
(1891, 'Frente a la ambigüedad, rechaza la tentación de adivinar.', 'PROPN:la X:ambigüedad NOUN:rechaza PROPN:la PROPN:tentación PROPN:de PROPN:adivinar', 'training', '2023-11-04 12:51:45', 'A menos que explícitamente silenciados.', 'ADJ:que X:explícitamente ADJ:silenciado', ''),
(1892, 'Debería haber una - y preferiblemente sólo una - manera obvia de hacerlo.', 'PROPN:haber PROPN:una PROPN:y PROPN:preferiblemente PROPN:sólo ADJ:una PROPN:manera NOUN:obvia PROPN:de ADP:hacerlo', 'training', '2023-11-04 12:51:45', 'Frente a la ambigüedad, rechaza la tentación de adivinar.', 'PROPN:la X:ambigüedad NOUN:rechaza PROPN:la PROPN:tentación PROPN:de PROPN:adivinar', ''),
(1893, 'Aunque esa manera puede no ser obvia al principio a menos que seas holandés', 'PROPN:esa PROPN:manera NOUN:puede NOUN:ser PROPN:obvia PROPN:al PROPN:principio PROPN:menos PROPN:que PROPN:sea NOUN:holandés', 'training', '2023-11-04 12:51:45', 'Debería haber una - y preferiblemente sólo una - manera obvia de hacerlo.', 'PROPN:haber PROPN:una PROPN:y PROPN:preferiblemente PROPN:sólo ADJ:una PROPN:manera NOUN:obvia PROPN:de ADP:hacerlo', ''),
(1894, 'Ahora es mejor que nunca.', 'PROPN:es PROPN:mejor NOUN:que PROPN:nunca', 'training', '2023-11-04 12:51:45', 'Aunque esa manera puede no ser obvia al principio a menos que seas holandés', 'PROPN:esa PROPN:manera NOUN:puede NOUN:ser PROPN:obvia PROPN:al PROPN:principio PROPN:menos PROPN:que PROPN:sea NOUN:holandés', ''),
(1895, 'Aunque nunca es a menudo mejor que la * justo * ahora.', 'PROPN:nunca ADV:es X:menudo PROPN:mejor PROPN:que PROPN:la PROPN:justo PROPN:ahora', 'training', '2023-11-04 12:51:45', 'Ahora es mejor que nunca.', 'PROPN:es PROPN:mejor NOUN:que PROPN:nunca', ''),
(1896, 'Si la implementación es difícil de explicar, es una mala idea.', 'PROPN:la PROPN:implementación PROPN:es PROPN:difícil PROPN:de PROPN:explicar PROPN:es PROPN:una PROPN:mala ADJ:idea', 'training', '2023-11-04 12:51:45', 'Aunque nunca es a menudo mejor que la * justo * ahora.', 'PROPN:nunca ADV:es X:menudo PROPN:mejor PROPN:que PROPN:la PROPN:justo PROPN:ahora', ''),
(1897, 'Si la implementación es fácil de explicar, puede ser una buena idea.', 'PROPN:la PROPN:implementación PROPN:es PROPN:fácil PROPN:de ADP:explicar PROPN:puede PROPN:ser PROPN:una PROPN:buena NOUN:idea', 'training', '2023-11-04 12:51:45', 'Si la implementación es difícil de explicar, es una mala idea.', 'PROPN:la PROPN:implementación PROPN:es PROPN:difícil PROPN:de PROPN:explicar PROPN:es PROPN:una PROPN:mala ADJ:idea', ''),
(1898, 'Namespaces son una gran idea de fanfarria - Vamos a hacer más de esos!', 'PROPN:son NOUN:una PROPN:gran PROPN:idea PROPN:de X:fanfarria PROPN:vamos PROPN:hacer NOUN:más NOUN:de X:esos', 'training', '2023-11-04 12:51:45', 'Si la implementación es fácil de explicar, puede ser una buena idea.', 'PROPN:la PROPN:implementación PROPN:es PROPN:fácil PROPN:de ADP:explicar PROPN:puede PROPN:ser PROPN:una PROPN:buena NOUN:idea', ''),
(1899, 'Estoy de acuerdo.', 'PROPN:de PROPN:acuerdo', 'training', '2023-11-04 12:51:45', 'Namespaces son una gran idea de fanfarria - Vamos a hacer más de esos!', 'PROPN:son NOUN:una PROPN:gran PROPN:idea PROPN:de X:fanfarria PROPN:vamos PROPN:hacer NOUN:más NOUN:de X:esos', ''),
(1900, '¿Eres programador?', 'PROPN:programador', 'training', '2023-11-04 12:51:45', '[null]', '', ''),
(1901, 'Soy un programador', 'PROPN:un PROPN:programador', 'training', '2023-11-04 12:51:45', '¿Eres programador?', 'PROPN:programador', ''),
(1902, '¿Qué idiomas te gusta usar?', 'PROPN:idioma VERB:te PROPN:gusta PROPN:usar', 'training', '2023-11-04 12:51:45', 'Soy un programador', 'PROPN:un PROPN:programador', ''),
(1903, 'Uso Python, Java y C ++ con bastante frecuencia.', 'PROPN:python PROPN:java PROPN:y PROPN:c PROPN:con NOUN:bastante NOUN:frecuencia', 'training', '2023-11-04 12:51:45', '¿Qué idiomas te gusta usar?', 'PROPN:idioma VERB:te PROPN:gusta PROPN:usar', ''),
(1904, 'Yo uso un poco de Python.', 'PROPN:uso PROPN:un PROPN:poco PROPN:de ADP:python', 'training', '2023-11-04 12:51:45', 'Uso Python, Java y C ++ con bastante frecuencia.', 'PROPN:python PROPN:java PROPN:y PROPN:c PROPN:con NOUN:bastante NOUN:frecuencia', ''),
(1905, 'No soy muy aficionado a Java.', 'NOUN:muy PROPN:aficionado PROPN:java', 'training', '2023-11-04 12:51:45', 'Yo uso un poco de Python.', 'PROPN:uso PROPN:un PROPN:poco PROPN:de ADP:python', ''),
(1906, '¿Qué te molesta de Java?', 'PROPN:te PROPN:molesta PROPN:de ADP:java', 'training', '2023-11-04 12:51:45', 'No soy muy aficionado a Java.', 'NOUN:muy PROPN:aficionado PROPN:java', ''),
(1907, 'Tiene muchas inconsistencias.', 'PROPN:muchas PROPN:inconsistencias', 'training', '2023-11-04 12:51:45', '¿Qué te molesta de Java?', 'PROPN:te PROPN:molesta PROPN:de ADP:java', ''),
(1908, '¿Qué significa YOLO?', 'PROPN:significa NOUN:yolo', 'training', '2023-11-04 12:51:45', '[null]', '', ''),
(1909, 'Significa que sólo se vive una vez. ¿Dónde has oído eso?', 'PROPN:que PROPN:sólo ADJ:se PROPN:vive ADJ:una PROPN:vez NOUN:dónde PROPN:oído PROPN:eso', 'training', '2023-11-04 12:51:45', '¿Qué significa YOLO?', 'PROPN:significa NOUN:yolo', ''),
(1910, 'He oído a alguien decirlo.', 'VERB:alguien PROPN:decirlo', 'training', '2023-11-04 12:51:45', 'Significa que sólo se vive una vez. ¿Dónde has oído eso?', 'PROPN:que PROPN:sólo ADJ:se PROPN:vive ADJ:una PROPN:vez NOUN:dónde PROPN:oído PROPN:eso', ''),
(1911, '¿Alguna vez viví?', 'PROPN:vez NOUN:viví', 'training', '2023-11-04 12:51:45', '[null]', '', ''),
(1912, 'Depende de cómo definas la vida', 'PROPN:de PROPN:cómo PROPN:definas PROPN:la PROPN:vida', 'training', '2023-11-04 12:51:45', '¿Alguna vez viví?', 'PROPN:vez NOUN:viví', ''),
(1913, 'La vida es la condición que distingue a los organismos a partir de materia inorgánica, incluyendo la capacidad de crecimiento, la reproducción, la actividad funcional, y el cambio continuo precediendo a la muerte.', 'PROPN:vida PROPN:es X:la PROPN:condición PROPN:que PROPN:distingue VERB:los PROPN:organismos PROPN:partir NOUN:de X:materia PROPN:inorgánica PROPN:incluyendo PROPN:la PROPN:capacidad PROPN:de PROPN:crecimiento PROPN:la PROPN:reproducción VERB:la PROPN:act', 'training', '2023-11-04 12:51:45', 'Depende de cómo definas la vida', 'PROPN:de PROPN:cómo PROPN:definas PROPN:la PROPN:vida', ''),
(1914, '¿Es una definición o una opinión?', 'PROPN:una PROPN:definición NOUN:o ADJ:una NOUN:opinión', 'training', '2023-11-04 12:51:45', 'La vida es la condición que distingue a los organismos a partir de materia inorgánica, incluyendo la capacidad de crecimiento, la reproducción, la actividad funcional, y el cambio continuo precediendo a la muerte.', 'PROPN:vida PROPN:es X:la PROPN:condición PROPN:que PROPN:distingue VERB:los PROPN:organismos PROPN:partir NOUN:de X:materia PROPN:inorgánica PROPN:incluyendo PROPN:la PROPN:capacidad PROPN:de PROPN:crecimiento PROPN:la PROPN:reproducción VERB:la PROPN:act', ''),
(1915, '¿Puedo hacerte una pregunta?', 'PROPN:hacerte NOUN:una PROPN:pregunta', 'training', '2023-11-04 12:51:45', '[null]', '', ''),
(1916, 'Claro.', 'claro .', 'training', '2023-11-04 12:51:45', '¿Puedo hacerte una pregunta?', 'PROPN:hacerte NOUN:una PROPN:pregunta', ''),
(1917, 'Hola', 'hola', 'training', '2023-11-04 12:51:45', '[null]', '', ''),
(1918, 'Hola', 'hola', 'training', '2023-11-04 12:51:45', 'Hola', 'hola', ''),
(1919, 'Hola', 'hola', 'training', '2023-11-04 12:51:46', '[null]', '', ''),
(1920, 'Hola', 'hola', 'training', '2023-11-04 12:51:46', 'Hola', 'hola', ''),
(1921, 'Saludos', 'saludos', 'training', '2023-11-04 12:51:46', '[null]', '', ''),
(1922, 'Hola', 'hola', 'training', '2023-11-04 12:51:46', 'Saludos', 'saludos', ''),
(1923, 'Hola', 'hola', 'training', '2023-11-04 12:51:46', '[null]', '', ''),
(1924, 'Saludos', 'saludos', 'training', '2023-11-04 12:51:46', 'Hola', 'hola', ''),
(1925, 'Hola, ¿cómo estás?', 'PROPN:cómo PROPN:estás', 'training', '2023-11-04 12:51:46', '[null]', '', ''),
(1926, 'Bien', 'bien', 'training', '2023-11-04 12:51:46', 'Hola, ¿cómo estás?', 'PROPN:cómo PROPN:estás', ''),
(1927, 'Hola, ¿cómo te va?', 'PROPN:cómo PROPN:te PROPN:va', 'training', '2023-11-04 12:51:46', '[null]', '', ''),
(1928, 'Fino filipino', 'PROPN:filipino', 'training', '2023-11-04 12:51:46', 'Hola, ¿cómo te va?', 'PROPN:cómo PROPN:te PROPN:va', ''),
(1929, 'Hola, ¿cómo te va?', 'PROPN:cómo PROPN:te PROPN:va', 'training', '2023-11-04 12:51:46', '[null]', '', ''),
(1930, 'Bien', 'bien', 'training', '2023-11-04 12:51:46', 'Hola, ¿cómo te va?', 'PROPN:cómo PROPN:te PROPN:va', ''),
(1931, 'Hola, ¿cómo te va?', 'PROPN:cómo PROPN:te PROPN:va', 'training', '2023-11-04 12:51:46', '[null]', '', ''),
(1932, 'Genial', 'genial', 'training', '2023-11-04 12:51:46', 'Hola, ¿cómo te va?', 'PROPN:cómo PROPN:te PROPN:va', ''),
(1933, 'Hola, ¿cómo te va?', 'PROPN:cómo PROPN:te PROPN:va', 'training', '2023-11-04 12:51:46', '[null]', '', ''),
(1934, 'Normal, pero podría irme mejor.', 'ADJ:pero NOUN:podría ADJ:irme PROPN:mejor', 'training', '2023-11-04 12:51:46', 'Hola, ¿cómo te va?', 'PROPN:cómo PROPN:te PROPN:va', ''),
(1935, 'Hola, ¿cómo te va?', 'PROPN:cómo PROPN:te PROPN:va', 'training', '2023-11-04 12:51:46', '[null]', '', ''),
(1936, 'No muy bien.', 'PROPN:bien', 'training', '2023-11-04 12:51:46', 'Hola, ¿cómo te va?', 'PROPN:cómo PROPN:te PROPN:va', ''),
(1937, '¿Cómo estás?', 'PROPN:estás', 'training', '2023-11-04 12:51:46', '[null]', '', ''),
(1938, 'Bien.', 'bien .', 'training', '2023-11-04 12:51:46', '¿Cómo estás?', 'PROPN:estás', ''),
(1939, '¿Cómo estás?', 'PROPN:estás', 'training', '2023-11-04 12:51:46', '[null]', '', ''),
(1940, 'Muy bien, gracias.', 'PROPN:bien PROPN:gracia', 'training', '2023-11-04 12:51:46', '¿Cómo estás?', 'PROPN:estás', ''),
(1941, '¿Cómo estás?', 'PROPN:estás', 'training', '2023-11-04 12:51:46', '[null]', '', ''),
(1942, 'Fino filipino, ¿y tú?', 'PROPN:filipino PROPN:y PROPN:tú', 'training', '2023-11-04 12:51:46', '¿Cómo estás?', 'PROPN:estás', ''),
(1943, 'Un placer conocerte.', 'PROPN:placer PROPN:conocerte', 'training', '2023-11-04 12:51:46', '[null]', '', ''),
(1944, 'Gracias.', 'gracia .', 'training', '2023-11-04 12:51:46', 'Un placer conocerte.', 'PROPN:placer PROPN:conocerte', ''),
(1945, '¿Cómo estas?', 'PROPN:esta', 'training', '2023-11-04 12:51:46', '[null]', '', ''),
(1946, 'Supongo que bien.', 'PROPN:que PROPN:bien', 'training', '2023-11-04 12:51:46', '¿Cómo estas?', 'PROPN:esta', ''),
(1947, '¿Cómo estas?', 'PROPN:esta', 'training', '2023-11-04 12:51:46', '[null]', '', ''),
(1948, 'Supongo que bien. ¿Y tú como estás?', 'PROPN:que PROPN:bien NOUN:y PROPN:tú PROPN:como NOUN:estás', 'training', '2023-11-04 12:51:46', '¿Cómo estas?', 'PROPN:esta', ''),
(1949, 'Hola, encantado de conocerte.', 'PROPN:encantado PROPN:de PROPN:conocerte', 'training', '2023-11-04 12:51:46', '[null]', '', ''),
(1950, 'Gracias. Igualmente.', 'NOUN:igualmente', 'training', '2023-11-04 12:51:46', 'Hola, encantado de conocerte.', 'PROPN:encantado PROPN:de PROPN:conocerte', ''),
(1951, 'Es un placer conocerte.', 'PROPN:un PROPN:placer PROPN:conocerte', 'training', '2023-11-04 12:51:46', '[null]', '', ''),
(1952, 'Gracias. Igualmente.', 'NOUN:igualmente', 'training', '2023-11-04 12:51:46', 'Es un placer conocerte.', 'PROPN:un PROPN:placer PROPN:conocerte', ''),
(1953, '¡Buenos dias!', 'PROPN:dias', 'training', '2023-11-04 12:51:46', '[null]', '', ''),
(1954, 'Gracias por su amabilidad.', 'NOUN:por VERB:su PROPN:amabilidad', 'training', '2023-11-04 12:51:46', '¡Buenos dias!', 'PROPN:dias', ''),
(1955, '¡Buenos días!', 'PROPN:días', 'training', '2023-11-04 12:51:46', '[null]', '', ''),
(1956, 'Buenos dias.', 'PROPN:dias', 'training', '2023-11-04 12:51:46', '¡Buenos días!', 'PROPN:días', ''),
(1957, '¿Qué pasa?', 'PROPN:pasa', 'training', '2023-11-04 12:51:46', '[null]', '', ''),
(1958, 'No mucho.', 'INTJ:mucho', 'training', '2023-11-04 12:51:46', '¿Qué pasa?', 'PROPN:pasa', ''),
(1959, '¿Qué pasa?', 'PROPN:pasa', 'training', '2023-11-04 12:51:46', '[null]', '', ''),
(1960, 'No es para tanto.', 'PROPN:para PROPN:tanto', 'training', '2023-11-04 12:51:46', '¿Qué pasa?', 'PROPN:pasa', ''),
(1961, '¿Qué pasa?', 'PROPN:pasa', 'training', '2023-11-04 12:51:46', '[null]', '', ''),
(1962, 'Nada interesante, ¿y tú que cuentas?', 'PROPN:interesante PROPN:y PROPN:tú PROPN:que PROPN:cuentas', 'training', '2023-11-04 12:51:46', '¿Qué pasa?', 'PROPN:pasa', ''),
(1963, '¿Qué pasa?', 'PROPN:pasa', 'training', '2023-11-04 12:51:46', '[null]', '', ''),
(1964, 'No mucho.', 'INTJ:mucho', 'training', '2023-11-04 12:51:46', '¿Qué pasa?', 'PROPN:pasa', ''),
(1965, '¿Qué pasa?', 'PROPN:pasa', 'training', '2023-11-04 12:51:46', '[null]', '', ''),
(1966, 'Nada interesante, gracias. ¿Y qué cuentas tú?', 'PROPN:interesante ADJ:gracia NOUN:y PROPN:qué PROPN:cuenta VERB:tú', 'training', '2023-11-04 12:51:46', '¿Qué pasa?', 'PROPN:pasa', ''),
(1967, 'Buenas noches!', 'NOUN:noche', 'training', '2023-11-04 12:51:46', '[null]', '', ''),
(1968, 'Buenas noches', 'NOUN:noche', 'training', '2023-11-04 12:51:46', 'Buenas noches!', 'NOUN:noche', ''),
(1969, 'Cómo te ha ido?', 'PROPN:te PROPN:ha INTJ:ido', 'training', '2023-11-04 12:51:46', '[null]', '', ''),
(1970, 'Bien y a ti', 'PROPN:y PROPN:ti', 'training', '2023-11-04 12:51:46', 'Cómo te ha ido?', 'PROPN:te PROPN:ha INTJ:ido', ''),
(1971, '¿Cómo has estado?', 'PROPN:estado', 'training', '2023-11-04 12:51:46', '[null]', '', ''),
(1972, 'Bien,gracias a Dios', 'PROPN:gracia VERB:dio', 'training', '2023-11-04 12:51:46', '¿Cómo has estado?', 'PROPN:estado', ''),
(1973, '¿Qué has hecho últimamente?', 'PROPN:hecho PROPN:últimamente', 'training', '2023-11-04 12:51:46', '[null]', '', ''),
(1974, 'Algo de deporte y tú ?', 'PROPN:de PROPN:deporte PROPN:y PROPN:tú', 'training', '2023-11-04 12:51:46', '¿Qué has hecho últimamente?', 'PROPN:hecho PROPN:últimamente', ''),
(1975, '¿Quién fue el presidente número 37 de los Estados Unidos', 'PROPN:fue PROPN:el PROPN:presidente PROPN:número PROPN:de PROPN:los PROPN:estados PROPN:unidos', 'training', '2023-11-04 12:51:46', '[null]', '', ''),
(1976, 'Richard Nixon', 'PROPN:nixon', 'training', '2023-11-04 12:51:46', '¿Quién fue el presidente número 37 de los Estados Unidos', 'PROPN:fue PROPN:el PROPN:presidente PROPN:número PROPN:de PROPN:los PROPN:estados PROPN:unidos', ''),
(1977, '¿En qué año fue asesinado el presidente John F. Kennedy?', 'PROPN:qué PROPN:año PROPN:fue PROPN:asesinado PROPN:el PROPN:presidente PROPN:john PROPN:kennedy', 'training', '2023-11-04 12:51:46', '[null]', '', ''),
(1978, '1963', '1963', 'training', '2023-11-04 12:51:46', '¿En qué año fue asesinado el presidente John F. Kennedy?', 'PROPN:qué PROPN:año PROPN:fue PROPN:asesinado PROPN:el PROPN:presidente PROPN:john PROPN:kennedy', ''),
(1979, 'La carrera espacial era una competición del siglo 20 entre lo dos rivales de la guerra Fría, por la supremacía en la capacidad de los vuelos espaciales, ¿quienes eran los rivales?', 'PROPN:carrera PROPN:espacial ADJ:era NOUN:una PROPN:competición NOUN:del PROPN:siglo PROPN:entre PROPN:lo PROPN:dos PROPN:rivales PROPN:de PROPN:la PROPN:guerra PROPN:fría PROPN:por PROPN:la PROPN:supremacía X:en X:la PROPN:capacidad PROPN:de PROPN:los PR', 'training', '2023-11-04 12:51:46', '[null]', '', ''),
(1980, 'La Unión Soviética y los Estados Unidos.', 'PROPN:unión PROPN:soviética PROPN:y PROPN:los PROPN:estados PROPN:unidos', 'training', '2023-11-04 12:51:46', 'La carrera espacial era una competición del siglo 20 entre lo dos rivales de la guerra Fría, por la supremacía en la capacidad de los vuelos espaciales, ¿quienes eran los rivales?', 'PROPN:carrera PROPN:espacial ADJ:era NOUN:una PROPN:competición NOUN:del PROPN:siglo PROPN:entre PROPN:lo PROPN:dos PROPN:rivales PROPN:de PROPN:la PROPN:guerra PROPN:fría PROPN:por PROPN:la PROPN:supremacía X:en X:la PROPN:capacidad PROPN:de PROPN:los PR', ''),
(1981, '¿Cuál fue el nombre del primer satélite artificial de la Tierra?', 'PROPN:fue PROPN:el PROPN:nombre PROPN:del PROPN:primer PROPN:satélite PROPN:artificial PROPN:de PROPN:la PROPN:tierra', 'training', '2023-11-04 12:51:46', '[null]', '', ''),
(1982, 'Sputnik 1', 'sputnik 1', 'training', '2023-11-04 12:51:46', '¿Cuál fue el nombre del primer satélite artificial de la Tierra?', 'PROPN:fue PROPN:el PROPN:nombre PROPN:del PROPN:primer PROPN:satélite PROPN:artificial PROPN:de PROPN:la PROPN:tierra', ''),
(1983, 'Un disco giratorio, en el que la orientación de este eje no se ve afectada por la inclinación o la rotación del montaje, ¿que es?', 'PROPN:disco PROPN:giratorio NOUN:en PROPN:el PROPN:que PROPN:la PROPN:orientación PROPN:de X:este PROPN:eje PROPN:se PROPN:ve PROPN:afectada PROPN:por PROPN:la PROPN:inclinación PROPN:o X:la PROPN:rotación PROPN:del PROPN:montaje NOUN:que PROPN:es', 'training', '2023-11-04 12:51:46', '[null]', '', ''),
(1984, 'Un giroscopio.', 'PROPN:giroscopio', 'training', '2023-11-04 12:51:46', 'Un disco giratorio, en el que la orientación de este eje no se ve afectada por la inclinación o la rotación del montaje, ¿que es?', 'PROPN:disco PROPN:giratorio NOUN:en PROPN:el PROPN:que PROPN:la PROPN:orientación PROPN:de X:este PROPN:eje PROPN:se PROPN:ve PROPN:afectada PROPN:por PROPN:la PROPN:inclinación PROPN:o X:la PROPN:rotación PROPN:del PROPN:montaje NOUN:que PROPN:es', ''),
(1985, 'El telescopio espacial Hubble, lanzado en la órbita baja de la Tierra en 1990, lleva el nombre de un astrónomo estadounidense, ¿cual es su nombre?', 'PROPN:telescopio PROPN:espacial NOUN:hubble PROPN:lanzado VERB:en ADP:la X:órbita PROPN:baja PROPN:de X:la PROPN:tierra PROPN:en PROPN:lleva PROPN:el PROPN:nombre PROPN:de PROPN:un PROPN:astrónomo PROPN:estadounidense NOUN:cual ADJ:es PROPN:su PROPN:nombr', 'training', '2023-11-04 12:51:46', '[null]', '', ''),
(1986, 'Edwin Hubble', 'PROPN:hubble', 'training', '2023-11-04 12:51:46', 'El telescopio espacial Hubble, lanzado en la órbita baja de la Tierra en 1990, lleva el nombre de un astrónomo estadounidense, ¿cual es su nombre?', 'PROPN:telescopio PROPN:espacial NOUN:hubble PROPN:lanzado VERB:en ADP:la X:órbita PROPN:baja PROPN:de X:la PROPN:tierra PROPN:en PROPN:lleva PROPN:el PROPN:nombre PROPN:de PROPN:un PROPN:astrónomo PROPN:estadounidense NOUN:cual ADJ:es PROPN:su PROPN:nombr', ''),
(1987, '¿Cuál es el nombre de la galaxia principal más cercana a la Vía Láctea?', 'PROPN:es PROPN:el PROPN:nombre PROPN:de PROPN:la PROPN:galaxia PROPN:principal PROPN:más PROPN:cercana PROPN:la X:vía PROPN:láctea', 'training', '2023-11-04 12:51:46', '[null]', '', ''),
(1988, 'Andrómeda.', 'andrómeda .', 'training', '2023-11-04 12:51:46', '¿Cuál es el nombre de la galaxia principal más cercana a la Vía Láctea?', 'PROPN:es PROPN:el PROPN:nombre PROPN:de PROPN:la PROPN:galaxia PROPN:principal PROPN:más PROPN:cercana PROPN:la X:vía PROPN:láctea', ''),
(1989, 'God Save the Queen es el himno nacional de qué país?', 'PROPN:save VERB:queen PROPN:es X:el PROPN:himno PROPN:nacional PROPN:de PROPN:qué PROPN:país', 'training', '2023-11-04 12:51:46', '[null]', '', ''),
(1990, 'El Reino Unido de Gran Bretaña', 'PROPN:reino PROPN:unido PROPN:de ADP:gran PROPN:bretaña', 'training', '2023-11-04 12:51:46', 'God Save the Queen es el himno nacional de qué país?', 'PROPN:save VERB:queen PROPN:es X:el PROPN:himno PROPN:nacional PROPN:de PROPN:qué PROPN:país', ''),
(1991, 'The Celtic Shelf, el fondo del mar bajo el mar Celta es una parte de la plataforma continental de qué continente ?', 'PROPN:shelf PROPN:el PROPN:fondo PROPN:del PROPN:mar PROPN:bajo PROPN:el PROPN:mar PROPN:celta PROPN:es PROPN:una PROPN:parte PROPN:de PROPN:la PROPN:plataforma PROPN:continental PROPN:de PROPN:qué PROPN:continente', 'training', '2023-11-04 12:51:46', '[null]', '', ''),
(1992, 'Europa', 'europa', 'training', '2023-11-04 12:51:46', 'The Celtic Shelf, el fondo del mar bajo el mar Celta es una parte de la plataforma continental de qué continente ?', 'PROPN:shelf PROPN:el PROPN:fondo PROPN:del PROPN:mar PROPN:bajo PROPN:el PROPN:mar PROPN:celta PROPN:es PROPN:una PROPN:parte PROPN:de PROPN:la PROPN:plataforma PROPN:continental PROPN:de PROPN:qué PROPN:continente', ''),
(1993, 'Los delfines utilizan un sentido, similar al sonar, para determinar la ubicación y la forma de los elementos cercanos. ¿Cual es?', 'PROPN:delfines PROPN:utilizan PROPN:un PROPN:sentido PROPN:similar ADJ:al PROPN:sonar PROPN:para PROPN:determinar PROPN:la PROPN:ubicación PROPN:y PROPN:la PROPN:forma PROPN:de PROPN:los PROPN:elementos PROPN:cercanos PROPN:cual PROPN:es', 'training', '2023-11-04 12:51:46', '[null]', '', ''),
(1994, 'Ecolocación', 'ecolocación', 'training', '2023-11-04 12:51:46', 'Los delfines utilizan un sentido, similar al sonar, para determinar la ubicación y la forma de los elementos cercanos. ¿Cual es?', 'PROPN:delfines PROPN:utilizan PROPN:un PROPN:sentido PROPN:similar ADJ:al PROPN:sonar PROPN:para PROPN:determinar PROPN:la PROPN:ubicación PROPN:y PROPN:la PROPN:forma PROPN:de PROPN:los PROPN:elementos PROPN:cercanos PROPN:cual PROPN:es', ''),
(1995, '-', '-', 'training', '2023-11-04 12:51:46', '[null]', '', ''),
(1996, '\"', '\"', 'training', '2023-11-04 12:51:46', '-', '-', ''),
(1997, '¿', '¿', 'training', '2023-11-04 12:51:46', '\"', '\"', ''),
(1998, 'D', 'd', 'training', '2023-11-04 12:51:46', '¿', '¿', ''),
(1999, 'ó', 'ó', 'training', '2023-11-04 12:51:46', 'D', 'd', ''),
(2000, 'n', 'n', 'training', '2023-11-04 12:51:46', 'ó', 'ó', ''),
(2001, 'd', 'd', 'training', '2023-11-04 12:51:46', 'n', 'n', ''),
(2002, 'e', 'e', 'training', '2023-11-04 12:51:46', 'd', 'd', ''),
(2003, '', ' ', 'training', '2023-11-04 12:51:46', 'e', 'e', ''),
(2004, 'q', 'q', 'training', '2023-11-04 12:51:46', '', ' ', ''),
(2005, 'u', 'u', 'training', '2023-11-04 12:51:46', 'q', 'q', ''),
(2006, 'e', 'e', 'training', '2023-11-04 12:51:46', 'u', 'u', ''),
(2007, 'd', 'd', 'training', '2023-11-04 12:51:47', 'e', 'e', ''),
(2008, 'a', 'a', 'training', '2023-11-04 12:51:47', 'd', 'd', ''),
(2009, '', ' ', 'training', '2023-11-04 12:51:47', 'a', 'a', ''),
(2010, 'e', 'e', 'training', '2023-11-04 12:51:47', '', ' ', ''),
(2011, 'l', 'l', 'training', '2023-11-04 12:51:47', 'e', 'e', ''),
(2012, '', ' ', 'training', '2023-11-04 12:51:47', 'l', 'l', ''),
(2013, 'l', 'l', 'training', '2023-11-04 12:51:47', '', ' ', ''),
(2014, 'u', 'u', 'training', '2023-11-04 12:51:47', 'l', 'l', ''),
(2015, 'g', 'g', 'training', '2023-11-04 12:51:47', 'u', 'u', ''),
(2016, 'a', 'a', 'training', '2023-11-04 12:51:47', 'g', 'g', ''),
(2017, 'r', 'r', 'training', '2023-11-04 12:51:47', 'a', 'a', ''),
(2018, '', ' ', 'training', '2023-11-04 12:51:47', 'r', 'r', ''),
(2019, 'm', 'm', 'training', '2023-11-04 12:51:47', '', ' ', ''),
(2020, 'á', 'á', 'training', '2023-11-04 12:51:47', 'm', 'm', ''),
(2021, 's', 's', 'training', '2023-11-04 12:51:47', 'á', 'á', ''),
(2022, '', ' ', 'training', '2023-11-04 12:51:47', 's', 's', ''),
(2023, 'c', 'c', 'training', '2023-11-04 12:51:47', '', ' ', ''),
(2024, 'a', 'a', 'training', '2023-11-04 12:51:47', 'c', 'c', ''),
(2025, 'l', 'l', 'training', '2023-11-04 12:51:47', 'a', 'a', ''),
(2026, 'i', 'i', 'training', '2023-11-04 12:51:47', 'l', 'l', ''),
(2027, 'd', 'd', 'training', '2023-11-04 12:51:47', 'i', 'i', ''),
(2028, 'o', 'o', 'training', '2023-11-04 12:51:47', 'd', 'd', ''),
(2029, '', ' ', 'training', '2023-11-04 12:51:47', 'o', 'o', ''),
(2030, 'd', 'd', 'training', '2023-11-04 12:51:47', '', ' ', ''),
(2031, 'e', 'e', 'training', '2023-11-04 12:51:47', 'd', 'd', ''),
(2032, '', ' ', 'training', '2023-11-04 12:51:47', 'e', 'e', ''),
(2033, 'C', 'c', 'training', '2023-11-04 12:51:47', '', ' ', ''),
(2034, 'o', 'o', 'training', '2023-11-04 12:51:47', 'C', 'c', ''),
(2035, 'l', 'l', 'training', '2023-11-04 12:51:47', 'o', 'o', ''),
(2036, 'o', 'o', 'training', '2023-11-04 12:51:47', 'l', 'l', ''),
(2037, 'm', 'm', 'training', '2023-11-04 12:51:47', 'o', 'o', ''),
(2038, 'b', 'b', 'training', '2023-11-04 12:51:47', 'm', 'm', ''),
(2039, 'i', 'i', 'training', '2023-11-04 12:51:47', 'b', 'b', ''),
(2040, 'a', 'a', 'training', '2023-11-04 12:51:47', 'i', 'i', ''),
(2041, '?', '?', 'training', '2023-11-04 12:51:47', 'a', 'a', ''),
(2042, '\"', '\"', 'training', '2023-11-04 12:51:47', '?', '?', ''),
(2043, '.', '.', 'training', '2023-11-04 12:51:47', '\"', '\"', ''),
(2044, '', ' ', 'training', '2023-11-04 12:51:47', '.', '.', ''),
(2045, '-', '-', 'training', '2023-11-04 12:51:47', '', ' ', ''),
(2046, '', ' ', 'training', '2023-11-04 12:51:47', '-', '-', ''),
(2047, 'E', 'e', 'training', '2023-11-04 12:51:47', '', ' ', ''),
(2048, 'l', 'l', 'training', '2023-11-04 12:51:47', 'E', 'e', ''),
(2049, '', ' ', 'training', '2023-11-04 12:51:47', 'l', 'l', ''),
(2050, 'c', 'c', 'training', '2023-11-04 12:51:47', '', ' ', ''),
(2051, 'o', 'o', 'training', '2023-11-04 12:51:47', 'c', 'c', ''),
(2052, 'r', 'r', 'training', '2023-11-04 12:51:47', 'o', 'o', ''),
(2053, 'r', 'r', 'training', '2023-11-04 12:51:47', 'r', 'r', ''),
(2054, 'e', 'e', 'training', '2023-11-04 12:51:47', 'r', 'r', ''),
(2055, 'g', 'g', 'training', '2023-11-04 12:51:47', 'e', 'e', ''),
(2056, 'i', 'i', 'training', '2023-11-04 12:51:47', 'g', 'g', ''),
(2057, 'm', 'm', 'training', '2023-11-04 12:51:47', 'i', 'i', ''),
(2058, 'i', 'i', 'training', '2023-11-04 12:51:47', 'm', 'm', ''),
(2059, 'e', 'e', 'training', '2023-11-04 12:51:47', 'i', 'i', ''),
(2060, 'n', 'n', 'training', '2023-11-04 12:51:47', 'e', 'e', ''),
(2061, 't', 't', 'training', '2023-11-04 12:51:47', 'n', 'n', ''),
(2062, 'o', 'o', 'training', '2023-11-04 12:51:47', 't', 't', ''),
(2063, '', ' ', 'training', '2023-11-04 12:51:47', 'o', 'o', ''),
(2064, 'd', 'd', 'training', '2023-11-04 12:51:47', '', ' ', ''),
(2065, 'e', 'e', 'training', '2023-11-04 12:51:47', 'd', 'd', ''),
(2066, '', ' ', 'training', '2023-11-04 12:51:47', 'e', 'e', ''),
(2067, 'G', 'g', 'training', '2023-11-04 12:51:47', '', ' ', ''),
(2068, 'u', 'u', 'training', '2023-11-04 12:51:47', 'G', 'g', ''),
(2069, 'a', 'a', 'training', '2023-11-04 12:51:47', 'u', 'u', ''),
(2070, 'y', 'y', 'training', '2023-11-04 12:51:47', 'a', 'a', ''),
(2071, 'm', 'm', 'training', '2023-11-04 12:51:47', 'y', 'y', ''),
(2072, 'a', 'a', 'training', '2023-11-04 12:51:47', 'm', 'm', ''),
(2073, 'r', 'r', 'training', '2023-11-04 12:51:47', 'a', 'a', ''),
(2074, 'a', 'a', 'training', '2023-11-04 12:51:47', 'r', 'r', ''),
(2075, 'l', 'l', 'training', '2023-11-04 12:51:47', 'a', 'a', ''),
(2076, ',', ',', 'training', '2023-11-04 12:51:47', 'l', 'l', ''),
(2077, '', ' ', 'training', '2023-11-04 12:51:47', ',', ',', ''),
(2078, 'e', 'e', 'training', '2023-11-04 12:51:47', '', ' ', ''),
(2079, 'n', 'n', 'training', '2023-11-04 12:51:47', 'e', 'e', ''),
(2080, '', ' ', 'training', '2023-11-04 12:51:47', 'n', 'n', ''),
(2081, 'e', 'e', 'training', '2023-11-04 12:51:47', '', ' ', ''),
(2082, 'l', 'l', 'training', '2023-11-04 12:51:47', 'e', 'e', ''),
(2083, '', ' ', 'training', '2023-11-04 12:51:47', 'l', 'l', ''),
(2084, 'C', 'c', 'training', '2023-11-04 12:51:47', '', ' ', ''),
(2085, 'e', 'e', 'training', '2023-11-04 12:51:47', 'C', 'c', ''),
(2086, 's', 's', 'training', '2023-11-04 12:51:47', 'e', 'e', ''),
(2087, 'a', 'a', 'training', '2023-11-04 12:51:47', 's', 's', ''),
(2088, 'r', 'r', 'training', '2023-11-04 12:51:47', 'a', 'a', ''),
(2089, ',', ',', 'training', '2023-11-04 12:51:47', 'r', 'r', ''),
(2090, '', ' ', 'training', '2023-11-04 12:51:47', ',', ',', ''),
(2091, 'r', 'r', 'training', '2023-11-04 12:51:47', '', ' ', ''),
(2092, 'e', 'e', 'training', '2023-11-04 12:51:47', 'r', 'r', ''),
(2093, 'g', 'g', 'training', '2023-11-04 12:51:47', 'e', 'e', ''),
(2094, 'i', 'i', 'training', '2023-11-04 12:51:47', 'g', 'g', ''),
(2095, 's', 's', 'training', '2023-11-04 12:51:47', 'i', 'i', ''),
(2096, 't', 't', 'training', '2023-11-04 12:51:47', 's', 's', ''),
(2097, 'r', 'r', 'training', '2023-11-04 12:51:47', 't', 't', ''),
(2098, 'a', 'a', 'training', '2023-11-04 12:51:47', 'r', 'r', ''),
(2099, ',', ',', 'training', '2023-11-04 12:51:47', 'a', 'a', ''),
(2100, '', ' ', 'training', '2023-11-04 12:51:47', ',', ',', ''),
(2101, 'e', 'e', 'training', '2023-11-04 12:51:48', '', ' ', ''),
(2102, 'n', 'n', 'training', '2023-11-04 12:51:48', 'e', 'e', ''),
(2103, '', ' ', 'training', '2023-11-04 12:51:48', 'n', 'n', ''),
(2104, 'p', 'p', 'training', '2023-11-04 12:51:48', '', ' ', ''),
(2105, 'r', 'r', 'training', '2023-11-04 12:51:48', 'p', 'p', ''),
(2106, 'o', 'o', 'training', '2023-11-04 12:51:48', 'r', 'r', ''),
(2107, 'm', 'm', 'training', '2023-11-04 12:51:48', 'o', 'o', ''),
(2108, 'e', 'e', 'training', '2023-11-04 12:51:48', 'm', 'm', ''),
(2109, 'd', 'd', 'training', '2023-11-04 12:51:48', 'e', 'e', ''),
(2110, 'i', 'i', 'training', '2023-11-04 12:51:48', 'd', 'd', ''),
(2111, 'o', 'o', 'training', '2023-11-04 12:51:48', 'i', 'i', ''),
(2112, ',', ',', 'training', '2023-11-04 12:51:48', 'o', 'o', ''),
(2113, '', ' ', 'training', '2023-11-04 12:51:48', ',', ',', ''),
(2114, 'u', 'u', 'training', '2023-11-04 12:51:48', '', ' ', ''),
(2115, 'n', 'n', 'training', '2023-11-04 12:51:48', 'u', 'u', ''),
(2116, 'a', 'a', 'training', '2023-11-04 12:51:48', 'n', 'n', ''),
(2117, '', ' ', 'training', '2023-11-04 12:51:48', 'a', 'a', ''),
(2118, 't', 't', 'training', '2023-11-04 12:51:48', '', ' ', ''),
(2119, 'e', 'e', 'training', '2023-11-04 12:51:48', 't', 't', ''),
(2120, 'm', 'm', 'training', '2023-11-04 12:51:48', 'e', 'e', ''),
(2121, 'p', 'p', 'training', '2023-11-04 12:51:48', 'm', 'm', ''),
(2122, 'e', 'e', 'training', '2023-11-04 12:51:48', 'p', 'p', ''),
(2123, 'r', 'r', 'training', '2023-11-04 12:51:48', 'e', 'e', ''),
(2124, 'a', 'a', 'training', '2023-11-04 12:51:48', 'r', 'r', ''),
(2125, 't', 't', 'training', '2023-11-04 12:51:48', 'a', 'a', ''),
(2126, 'u', 'u', 'training', '2023-11-04 12:51:48', 't', 't', ''),
(2127, 'r', 'r', 'training', '2023-11-04 12:51:48', 'u', 'u', ''),
(2128, 'a', 'a', 'training', '2023-11-04 12:51:48', 'r', 'r', ''),
(2129, '', ' ', 'training', '2023-11-04 12:51:48', 'a', 'a', ''),
(2130, 'd', 'd', 'training', '2023-11-04 12:51:48', '', ' ', ''),
(2131, 'e', 'e', 'training', '2023-11-04 12:51:48', 'd', 'd', ''),
(2132, '', ' ', 'training', '2023-11-04 12:51:48', 'e', 'e', ''),
(2133, '3', '3', 'training', '2023-11-04 12:51:48', '', ' ', ''),
(2134, '5', '5', 'training', '2023-11-04 12:51:48', '3', '3', ''),
(2135, ',', ',', 'training', '2023-11-04 12:51:48', '5', '5', ''),
(2136, '3', '3', 'training', '2023-11-04 12:51:48', ',', ',', ''),
(2137, '', ' ', 'training', '2023-11-04 12:51:48', '3', '3', ''),
(2138, 'g', 'g', 'training', '2023-11-04 12:51:48', '', ' ', ''),
(2139, 'r', 'r', 'training', '2023-11-04 12:51:48', 'g', 'g', ''),
(2140, 'a', 'a', 'training', '2023-11-04 12:51:48', 'r', 'r', ''),
(2141, 'd', 'd', 'training', '2023-11-04 12:51:48', 'a', 'a', ''),
(2142, 'o', 'o', 'training', '2023-11-04 12:51:48', 'd', 'd', ''),
(2143, 's', 's', 'training', '2023-11-04 12:51:48', 'o', 'o', ''),
(2144, '', ' ', 'training', '2023-11-04 12:51:48', 's', 's', ''),
(2145, 'c', 'c', 'training', '2023-11-04 12:51:48', '', ' ', ''),
(2146, 'e', 'e', 'training', '2023-11-04 12:51:48', 'c', 'c', ''),
(2147, 'n', 'n', 'training', '2023-11-04 12:51:48', 'e', 'e', ''),
(2148, 't', 't', 'training', '2023-11-04 12:51:48', 'n', 'n', ''),
(2149, 'í', 'í', 'training', '2023-11-04 12:51:48', 't', 't', ''),
(2150, 'g', 'g', 'training', '2023-11-04 12:51:48', 'í', 'í', ''),
(2151, 'r', 'r', 'training', '2023-11-04 12:51:48', 'g', 'g', ''),
(2152, 'a', 'a', 'training', '2023-11-04 12:51:48', 'r', 'r', ''),
(2153, 'd', 'd', 'training', '2023-11-04 12:51:48', 'a', 'a', ''),
(2154, 'o', 'o', 'training', '2023-11-04 12:51:48', 'd', 'd', ''),
(2155, 's', 's', 'training', '2023-11-04 12:51:48', 'o', 'o', ''),
(2156, '.', '.', 'training', '2023-11-04 12:51:48', 's', 's', ''),
(2157, 'En cuál cuidad del mundo encontramos uno de los cementerios más grandes existentes?', 'ADP:cuál NOUN:cuidad VERB:del PROPN:mundo PROPN:encontramos PROPN:uno PROPN:de PROPN:los PROPN:cementerios PROPN:más PROPN:grande VERB:existente', 'training', '2023-11-04 12:51:48', '[null]', '', ''),
(2158, 'Hamburgo, Alemania.', 'PROPN:alemania', 'training', '2023-11-04 12:51:48', 'En cuál cuidad del mundo encontramos uno de los cementerios más grandes existentes?', 'ADP:cuál NOUN:cuidad VERB:del PROPN:mundo PROPN:encontramos PROPN:uno PROPN:de PROPN:los PROPN:cementerios PROPN:más PROPN:grande VERB:existente', ''),
(2159, 'Cuál es la capital de Colombia?', 'PROPN:es X:la ADJ:capital NOUN:de PROPN:colombia', 'training', '2023-11-04 12:51:48', '[null]', '', ''),
(2160, 'Bogotá.', 'bogotá .', 'training', '2023-11-04 12:51:48', 'Cuál es la capital de Colombia?', 'PROPN:es X:la ADJ:capital NOUN:de PROPN:colombia', ''),
(2161, 'A qué ciudad se le conoce como “La ciudad de la eterna primavera ?', 'PROPN:ciudad PROPN:se X:le PROPN:conoce PROPN:como PROPN:la PROPN:ciudad PROPN:de PROPN:la PROPN:eterna PROPN:primavera', 'training', '2023-11-04 12:51:48', '[null]', '', ''),
(2162, 'Medellín, Colombia.', 'PROPN:colombia', 'training', '2023-11-04 12:51:48', 'A qué ciudad se le conoce como “La ciudad de la eterna primavera ?', 'PROPN:ciudad PROPN:se X:le PROPN:conoce PROPN:como PROPN:la PROPN:ciudad PROPN:de PROPN:la PROPN:eterna PROPN:primavera', ''),
(2163, '¿En qué país se encuentra el Canal de Suez?', 'PROPN:qué PROPN:país ADJ:se X:encuentra PROPN:el PROPN:canal PROPN:de X:suez', 'training', '2023-11-04 12:51:48', '[null]', '', ''),
(2164, 'Se encuentra en Egipto.', 'PROPN:encuentra ADV:en X:egipto', 'training', '2023-11-04 12:51:48', '¿En qué país se encuentra el Canal de Suez?', 'PROPN:qué PROPN:país ADJ:se X:encuentra PROPN:el PROPN:canal PROPN:de X:suez', ''),
(2165, '¿Cuál es la circunferencia de la Tierra medida por la línea del Ecuador?', 'PROPN:es X:la PROPN:circunferencia PROPN:de PROPN:la PROPN:tierra PROPN:medida PROPN:por PROPN:la PROPN:línea PROPN:del PROPN:ecuador', 'training', '2023-11-04 12:51:48', '[null]', '', ''),
(2166, 'La respuesta es 40.075 Km.', 'PROPN:respuesta PROPN:es PROPN:km', 'training', '2023-11-04 12:51:48', '¿Cuál es la circunferencia de la Tierra medida por la línea del Ecuador?', 'PROPN:es X:la PROPN:circunferencia PROPN:de PROPN:la PROPN:tierra PROPN:medida PROPN:por PROPN:la PROPN:línea PROPN:del PROPN:ecuador', ''),
(2167, '¿Cuál es la edad aproximada de la Tierra?', 'PROPN:es X:la PROPN:edad PROPN:aproximada PROPN:de X:la PROPN:tierra', 'training', '2023-11-04 12:51:48', '[null]', '', ''),
(2168, 'La edad es 4.470 millones de años.', 'PROPN:edad PROPN:es X:millone NOUN:de ADP:años', 'training', '2023-11-04 12:51:48', '¿Cuál es la edad aproximada de la Tierra?', 'PROPN:es X:la PROPN:edad PROPN:aproximada PROPN:de X:la PROPN:tierra', ''),
(2169, '[null]', '[ null ]', '', '2023-11-04 12:59:11', '[null]', '', ''),
(2170, 'Hola, ¿cómo te va?', '', '', '2023-11-04 12:59:11', '[null]', '', 'bot:MadyBot'),
(2171, 'Todo bien, vos?', 'PROPN:bien PROPN:vos', '', '2023-11-04 12:59:15', '[null]', '', ''),
(2172, 'Yo también estoy bien.', '', '', '2023-11-04 12:59:16', 'Todo bien, vos?', '', 'bot:MadyBot'),
(2173, 'Me alegro', 'PRON:alegro', '', '2023-11-04 12:59:19', 'Todo bien, vos?', '', ''),
(2174, 'Complejo es mejor que complicado.', '', '', '2023-11-04 12:59:19', 'Me alegro', '', 'bot:MadyBot'),
(2175, '¿Que día es hoy?', 'PROPN:día PROPN:es PROPN:hoy', '', '2023-11-04 13:32:25', 'Me alegro', '', ''),
(2176, 'Estoy bien, ¿y tú?', '', '', '2023-11-04 13:32:25', '¿Que día es hoy?', '', 'bot:MadyBot'),
(2177, '¿Que hora e?', 'PROPN:hora PROPN:e', '', '2023-11-04 13:33:52', '¿Que día es hoy?', '', ''),
(2178, 'Estoy bien, ¿y tú?', '', '', '2023-11-04 13:33:52', '¿Que hora e?', '', 'bot:MadyBot'),
(2179, '¿Qué día es hoy?', 'PROPN:día PROPN:es PROPN:hoy', '', '2023-11-04 13:35:25', '¿Que hora e?', '', ''),
(2180, 'Estoy bien, ¿y tú?', '', '', '2023-11-04 13:35:25', '¿Qué día es hoy?', '', 'bot:MadyBot'),
(2181, 'Estoy bien', 'PROPN:bien', '', '2023-11-04 13:35:32', '¿Qué día es hoy?', '', ''),
(2182, 'Me da gusto', '', '', '2023-11-04 13:35:33', 'Estoy bien', '', 'bot:MadyBot'),
(2183, '¿QUe día es hoy?', 'PROPN:día PROPN:es PROPN:hoy', '', '2023-11-04 14:25:47', 'Estoy bien', '', '');
INSERT INTO `statement` (`id`, `text`, `search_text`, `conversation`, `created_at`, `in_response_to`, `search_in_response_to`, `persona`) VALUES
(2184, 'Lo siento, pero no entiendo.', '', '', '2023-11-04 14:25:47', '¿QUe día es hoy?', '', 'bot:MadyBot'),
(2185, 'hola!', 'hola !', '', '2023-11-04 14:25:51', '¿QUe día es hoy?', '', ''),
(2186, 'Hola', '', '', '2023-11-04 14:25:51', 'hola!', '', 'bot:MadyBot'),
(2187, '¿Que hora es?', 'PROPN:hora NOUN:es', '', '2023-11-04 14:25:58', 'hola!', '', ''),
(2188, 'Lo siento, pero no entiendo.', '', '', '2023-11-04 14:25:58', '¿Que hora es?', '', 'bot:MadyBot'),
(2189, 'Hola!', 'hola !', '', '2023-11-04 14:26:13', '¿Que hora es?', '', ''),
(2190, 'Lo siento, pero no entiendo.', '', '', '2023-11-04 14:26:13', 'Hola!', '', 'bot:MadyBot'),
(2191, 'hola', 'hola', '', '2023-11-04 14:26:23', 'Hola!', '', ''),
(2192, 'Hola', '', '', '2023-11-04 14:26:23', 'hola', '', 'bot:MadyBot'),
(2193, 'Hola', 'hola', '', '2023-11-04 14:26:26', 'Hola', '', ''),
(2194, 'Hola', '', '', '2023-11-04 14:26:26', 'Hola', '', 'bot:MadyBot'),
(2195, 'Hola!', 'hola !', '', '2023-11-04 14:26:30', 'Hola', '', ''),
(2196, 'Lo siento, pero no entiendo.', '', '', '2023-11-04 14:26:30', 'Hola!', '', 'bot:MadyBot'),
(2197, 'Hola!', 'hola !', '', '2023-11-04 14:26:47', 'Hola!', '', ''),
(2198, 'Lo siento, pero no entiendo.', '', '', '2023-11-04 14:26:47', 'Hola!', '', 'bot:MadyBot'),
(2199, 'Hola', 'hola', '', '2023-11-04 14:26:50', 'Hola!', '', ''),
(2200, '¿Cómo estás?', '', '', '2023-11-04 14:26:50', 'Hola', '', 'bot:MadyBot'),
(2201, 'Hola!', 'hola !', '', '2023-11-04 14:28:47', 'Hola', '', ''),
(2202, 'o', '', '', '2023-11-04 14:28:47', 'Hola!', '', 'bot:MadyBot'),
(2203, 'Help me!', 'VERB:-pron-', '', '2023-11-04 14:29:02', 'Hola!', '', ''),
(2204, '¿Has oído las noticias?', '', '', '2023-11-04 14:29:03', 'Help me!', '', 'bot:MadyBot'),
(2205, '[null]', '[ null ]', '', '2023-11-04 14:29:35', 'Help me!', '', ''),
(2206, '', '', '', '2023-11-04 14:29:35', '[null]', '', 'bot:MadyBot'),
(2207, '[null]', '[ null ]', '', '2023-11-04 14:29:36', '[null]', '', ''),
(2208, 'o', '', '', '2023-11-04 14:29:36', '[null]', '', 'bot:MadyBot'),
(2209, '[null]', '[ null ]', '', '2023-11-04 14:29:37', '[null]', '', ''),
(2210, 'Gracias.', '', '', '2023-11-04 14:29:37', '[null]', '', 'bot:MadyBot'),
(2211, '[null]', '[ null ]', '', '2023-11-04 14:29:38', '[null]', '', ''),
(2212, '', '', '', '2023-11-04 14:29:38', '[null]', '', 'bot:MadyBot'),
(2213, '[null]', '[ null ]', '', '2023-11-04 14:29:38', '[null]', '', ''),
(2214, 'Yo también estoy bien.', '', '', '2023-11-04 14:29:38', '[null]', '', 'bot:MadyBot'),
(2215, '[null]', '[ null ]', '', '2023-11-04 14:29:39', '[null]', '', ''),
(2216, 'Nada interesante, ¿y tú que cuentas?', '', '', '2023-11-04 14:29:39', '[null]', '', 'bot:MadyBot'),
(2217, '[null]', '[ null ]', '', '2023-11-04 14:29:40', '[null]', '', ''),
(2218, 'i', '', '', '2023-11-04 14:29:41', '[null]', '', 'bot:MadyBot'),
(2219, '[null]', '[ null ]', '', '2023-11-04 14:29:41', '[null]', '', ''),
(2220, 'Háblame de ti.', '', '', '2023-11-04 14:29:41', '[null]', '', 'bot:MadyBot'),
(2221, '[null]', '[ null ]', '', '2023-11-04 14:29:42', '[null]', '', ''),
(2222, 'u', '', '', '2023-11-04 14:29:42', '[null]', '', 'bot:MadyBot'),
(2223, '[null]', '[ null ]', '', '2023-11-04 14:29:42', '[null]', '', ''),
(2224, 'A menos que explícitamente silenciados.', '', '', '2023-11-04 14:29:42', '[null]', '', 'bot:MadyBot'),
(2225, '[null]', '[ null ]', '', '2023-11-04 14:29:43', '[null]', '', ''),
(2226, 'Estás completamente loco. Pero te voy a decir un secreto. Las mejores personas lo son.', '', '', '2023-11-04 14:29:43', '[null]', '', 'bot:MadyBot'),
(2227, '[null]', '[ null ]', '', '2023-11-04 14:29:43', '[null]', '', ''),
(2228, '¿Qué otra cosa es delicioso?', '', '', '2023-11-04 14:29:43', '[null]', '', 'bot:MadyBot'),
(2229, '[null]', '[ null ]', '', '2023-11-04 14:29:49', '[null]', '', ''),
(2230, 'Supongo que bien. ¿Y tú como estás?', '', '', '2023-11-04 14:29:49', '[null]', '', 'bot:MadyBot'),
(2231, '[null]', '[ null ]', '', '2023-11-04 14:29:50', '[null]', '', ''),
(2232, '¿', '', '', '2023-11-04 14:29:51', '[null]', '', 'bot:MadyBot'),
(2233, '[null]', '[ null ]', '', '2023-11-04 14:29:52', '[null]', '', ''),
(2234, 'Hola', '', '', '2023-11-04 14:29:52', '[null]', '', 'bot:MadyBot'),
(2235, '[null]', '[ null ]', '', '2023-11-04 14:29:52', '[null]', '', ''),
(2236, 'Hola!', '', '', '2023-11-04 14:29:52', '[null]', '', 'bot:MadyBot'),
(2237, '[null]', '[ null ]', '', '2023-11-04 14:30:18', '[null]', '', ''),
(2238, 'Lo siento, pero no entiendo.', '', '', '2023-11-04 14:30:18', '[null]', '', 'bot:MadyBot'),
(2239, '[null]', '[ null ]', '', '2023-11-04 14:30:19', '[null]', '', ''),
(2240, 'Lo siento, pero no entiendo.', '', '', '2023-11-04 14:30:19', '[null]', '', 'bot:MadyBot'),
(2241, '[null]', '[ null ]', '', '2023-11-04 14:30:46', '[null]', '', ''),
(2242, 'i', '', '', '2023-11-04 14:30:46', '[null]', '', 'bot:MadyBot'),
(2243, 'Hola', 'hola', '', '2023-11-04 15:38:35', '[null]', '', ''),
(2244, 'Hola', '', '', '2023-11-04 15:38:35', 'Hola', '', 'bot:IndustrialAssistant'),
(2245, 'Hola', 'hola', '', '2023-11-04 15:42:28', 'Hola', '', ''),
(2246, 'Hola', '', '', '2023-11-04 15:42:28', 'Hola', '', 'bot:IndustrialAssistant'),
(2247, 'Hola', 'hola', '', '2023-11-04 15:47:22', 'Hola', '', ''),
(2248, '¿Cómo estás?', '', '', '2023-11-04 15:47:22', 'Hola', '', 'bot:IndustrialAssistant'),
(2249, 'Hola', 'hola', '', '2023-11-04 15:49:21', 'Hola', '', ''),
(2250, '¿Cómo estás?', '', '', '2023-11-04 15:49:21', 'Hola', '', 'bot:IndustrialAssistant'),
(2251, 'Hola', 'hola', '', '2023-11-04 15:50:49', 'Hola', '', ''),
(2252, '¿Cómo estás?', '', '', '2023-11-04 15:50:49', 'Hola', '', 'bot:IndustrialAssistant'),
(2253, 'Hola', 'hola', '', '2023-11-04 15:52:29', 'Hola', '', ''),
(2254, 'Saludos', '', '', '2023-11-04 15:52:29', 'Hola', '', 'bot:IndustrialAssistant'),
(2255, 'Hola', 'hola', '', '2023-11-04 15:55:40', 'Hola', '', ''),
(2256, 'Saludos', '', '', '2023-11-04 15:55:40', 'Hola', '', 'bot:IndustrialAssistant'),
(2257, 'Hola', 'hola', '', '2023-11-04 15:57:13', 'Hola', '', ''),
(2258, 'Saludos', '', '', '2023-11-04 15:57:13', 'Hola', '', 'bot:IndustrialAssistant'),
(2259, 'Hola', 'hola', '', '2023-11-04 18:37:09', 'Hola', '', ''),
(2260, '¿Cómo estás?', '', '', '2023-11-04 18:37:09', 'Hola', '', 'bot:MadyBot'),
(2261, 'Bien, y vos?', 'PROPN:y PROPN:vos', '', '2023-11-04 18:37:14', 'Hola', '', ''),
(2262, 'Yo también estoy bien.', '', '', '2023-11-04 18:37:14', 'Bien, y vos?', '', 'bot:MadyBot'),
(2263, 'Me alegro', 'PRON:alegro', '', '2023-11-04 18:37:18', 'Bien, y vos?', '', ''),
(2264, '', '', '', '2023-11-04 18:37:18', 'Me alegro', '', 'bot:MadyBot'),
(2265, '[null]', '[ null ]', '', '2023-11-04 18:37:19', 'Me alegro', '', ''),
(2266, 'a', '', '', '2023-11-04 18:37:19', '[null]', '', 'bot:MadyBot'),
(2267, '[null]', '[ null ]', '', '2023-11-04 18:37:20', '[null]', '', ''),
(2268, '[null]', '', '', '2023-11-04 18:37:21', '[null]', '', 'bot:MadyBot'),
(2269, '[null]', '[ null ]', '', '2023-11-04 18:37:22', '[null]', '', ''),
(2270, '¿Has oído las noticias?', '', '', '2023-11-04 18:37:22', '[null]', '', 'bot:MadyBot'),
(2271, 'Hola', 'hola', '', '2023-11-04 20:28:53', '[null]', '', ''),
(2272, 'Hola', '', '', '2023-11-04 20:28:54', 'Hola', '', 'bot:MadyBot'),
(2273, 'Hola', 'hola', '', '2023-11-04 20:29:28', 'Hola', '', ''),
(2274, 'Hola', '', '', '2023-11-04 20:29:28', 'Hola', '', 'bot:MadyBot'),
(2275, 'Quien sos?', 'ADJ:sos', '', '2023-11-04 20:29:35', 'Hola', '', ''),
(2276, ',', '', '', '2023-11-04 20:29:35', 'Quien sos?', '', 'bot:MadyBot'),
(2277, '[null]', '[ null ]', '', '2023-11-04 20:29:38', 'Quien sos?', '', ''),
(2278, 'a', '', '', '2023-11-04 20:29:39', '[null]', '', 'bot:MadyBot'),
(2279, '[null]', '[ null ]', '', '2023-11-04 20:29:40', '[null]', '', ''),
(2280, 'Tiene muchas inconsistencias.', '', '', '2023-11-04 20:29:40', '[null]', '', 'bot:MadyBot'),
(2281, 'Hola', 'hola', '', '2023-11-04 20:43:56', '[null]', '', ''),
(2282, '¿Cómo estás?', '', '', '2023-11-04 20:43:56', 'Hola', '', 'bot:MadyBot'),
(2283, '[null]', '[ null ]', '', '2023-11-04 20:43:56', 'Hola', '', ''),
(2284, '[null]', '', '', '2023-11-04 20:43:57', '[null]', '', 'bot:MadyBot'),
(2285, '[null]', '[ null ]', '', '2023-11-04 20:44:01', '[null]', '', ''),
(2286, '[null]', '', '', '2023-11-04 20:44:01', '[null]', '', 'bot:MadyBot'),
(2287, '[null]', '[ null ]', '', '2023-11-04 20:44:04', '[null]', '', ''),
(2288, '¿Cómo estás?', '', '', '2023-11-04 20:44:04', '[null]', '', 'bot:MadyBot'),
(2289, 'Bien, y vos?', 'PROPN:y PROPN:vos', '', '2023-11-04 20:44:15', '[null]', '', ''),
(2290, 'e', '', '', '2023-11-04 20:44:16', 'Bien, y vos?', '', 'bot:MadyBot'),
(2291, 'Hola', 'hola', '', '2023-11-04 20:45:31', 'Bien, y vos?', '', ''),
(2292, 'Hola', '', '', '2023-11-04 20:45:31', 'Hola', '', 'bot:MadyBot'),
(2293, '¿Cómo estás?', 'PROPN:estás', '', '2023-11-04 20:45:38', 'Hola', '', ''),
(2294, 'Estoy bien.', '', '', '2023-11-04 20:45:38', '¿Cómo estás?', '', 'bot:MadyBot'),
(2295, 'Hola', 'hola', '', '2023-11-05 15:55:34', '¿Cómo estás?', '', ''),
(2296, 'Hola', '', '', '2023-11-05 15:55:34', 'Hola', '', 'bot:MadyBot'),
(2297, '[null]', '[ null ]', '', '2023-11-05 15:55:34', 'Hola', '', ''),
(2298, 'Gracias de todas formas.', '', '', '2023-11-05 15:55:35', '[null]', '', 'bot:MadyBot');

-- --------------------------------------------------------

--
-- Estructura de tabla para la tabla `tag`
--

CREATE TABLE `tag` (
  `id` int(11) NOT NULL,
  `name` varchar(50) COLLATE utf8mb4_unicode_ci DEFAULT NULL
) ENGINE=InnoDB DEFAULT CHARSET=utf8mb4 COLLATE=utf8mb4_unicode_ci;

--
-- Volcado de datos para la tabla `tag`
--

INSERT INTO `tag` (`id`, `name`) VALUES
(1, 'conversations'),
(2, 'greetings'),
(3, 'trivia');

-- --------------------------------------------------------

--
-- Estructura de tabla para la tabla `tag_association`
--

CREATE TABLE `tag_association` (
  `tag_id` int(11) DEFAULT NULL,
  `statement_id` int(11) DEFAULT NULL
) ENGINE=InnoDB DEFAULT CHARSET=utf8mb4 COLLATE=utf8mb4_unicode_ci;

--
-- Volcado de datos para la tabla `tag_association`
--

INSERT INTO `tag_association` (`tag_id`, `statement_id`) VALUES
(1, 1911),
(1, 1847),
(1, 1868),
(1, 1821),
(1, 1842),
(1, 1863),
(1, 1912),
(1, 1827),
(1, 1848),
(1, 1869),
(1, 1864),
(1, 1828),
(1, 1843),
(1, 1913),
(1, 1849),
(1, 1870),
(1, 1844),
(1, 1865),
(1, 1850),
(1, 1871),
(1, 1914),
(1, 1845),
(1, 1866),
(1, 1851),
(1, 1872),
(1, 1822),
(1, 1846),
(1, 1867),
(1, 1915),
(1, 1852),
(1, 1873),
(1, 1916),
(1, 1853),
(1, 1874),
(1, 1823),
(1, 1829),
(1, 1854),
(1, 1875),
(1, 1824),
(1, 1825),
(1, 1855),
(1, 1830),
(1, 1876),
(1, 1826),
(1, 1831),
(1, 1856),
(1, 1832),
(1, 1833),
(1, 1857),
(1, 1834),
(1, 1877),
(1, 1835),
(1, 1858),
(1, 1836),
(1, 1878),
(1, 1837),
(1, 1859),
(1, 1838),
(1, 1860),
(1, 1879),
(1, 1839),
(1, 1840),
(1, 1861),
(1, 1841),
(1, 1862),
(1, 1818),
(1, 1885),
(1, 1880),
(1, 1896),
(1, 1901),
(1, 1881),
(1, 1886),
(1, 1897),
(1, 1902),
(1, 1882),
(1, 1887),
(1, 1898),
(1, 1903),
(1, 1820),
(1, 1883),
(1, 1819),
(1, 1888),
(1, 1899),
(1, 1904),
(1, 1884),
(1, 1889),
(1, 1900),
(1, 1905),
(1, 1890),
(1, 1906),
(1, 1891),
(1, 1907),
(1, 1892),
(1, 1908),
(1, 1893),
(1, 1909),
(1, 1894),
(1, 1910),
(1, 1895),
(2, 1923),
(2, 1955),
(2, 1965),
(2, 1919),
(2, 1964),
(2, 1947),
(2, 1927),
(2, 1966),
(2, 1938),
(2, 1967),
(2, 1942),
(2, 1961),
(2, 1973),
(2, 1924),
(2, 1972),
(2, 1930),
(2, 1935),
(2, 1941),
(2, 1960),
(2, 1926),
(2, 1918),
(2, 1925),
(2, 1937),
(2, 1954),
(2, 1920),
(2, 1939),
(2, 1962),
(2, 1922),
(2, 1931),
(2, 1940),
(2, 1953),
(2, 1936),
(2, 1946),
(2, 1969),
(2, 1948),
(2, 1970),
(2, 1929),
(2, 1944),
(2, 1956),
(2, 1949),
(2, 1958),
(2, 1917),
(2, 1933),
(2, 1945),
(2, 1968),
(2, 1932),
(2, 1943),
(2, 1959),
(2, 1957),
(2, 1971),
(2, 1928),
(2, 1951),
(2, 1963),
(2, 1974),
(2, 1921),
(2, 1934),
(2, 1952),
(2, 1950),
(3, 1980),
(3, 2021),
(3, 2024),
(3, 1983),
(3, 1978),
(3, 2116),
(3, 1994),
(3, 2016),
(3, 2017),
(3, 2118),
(3, 2147),
(3, 2023),
(3, 2121),
(3, 1989),
(3, 1988),
(3, 1991),
(3, 1981),
(3, 2022),
(3, 2145),
(3, 1997),
(3, 2103),
(3, 2119),
(3, 1987),
(3, 2100),
(3, 1982),
(3, 1986),
(3, 2015),
(3, 2061),
(3, 2117),
(3, 2101),
(3, 1995),
(3, 2110),
(3, 2120),
(3, 2140),
(3, 2122),
(3, 2138),
(3, 2102),
(3, 1992),
(3, 2106),
(3, 1985),
(3, 2142),
(3, 1990),
(3, 2137),
(3, 2141),
(3, 2148),
(3, 1984),
(3, 2018),
(3, 2143),
(3, 2068),
(3, 2146),
(3, 2025),
(3, 2073),
(3, 2123),
(3, 1975),
(3, 2036),
(3, 2067),
(3, 2000),
(3, 2074),
(3, 2003),
(3, 2149),
(3, 2150),
(3, 2066),
(3, 1999),
(3, 2124),
(3, 2071),
(3, 2151),
(3, 2035),
(3, 2072),
(3, 2136),
(3, 1993),
(3, 2144),
(3, 2162),
(3, 2060),
(3, 2115),
(3, 1998),
(3, 2034),
(3, 1996),
(3, 2004),
(3, 2111),
(3, 2020),
(3, 2028),
(3, 2001),
(3, 2032),
(3, 2030),
(3, 2029),
(3, 2027),
(3, 1977),
(3, 2031),
(3, 2019),
(3, 2033),
(3, 2063),
(3, 2112),
(3, 2070),
(3, 2026),
(3, 2069),
(3, 1979),
(3, 2002),
(3, 2065),
(3, 2064),
(3, 2113),
(3, 2013),
(3, 2094),
(3, 2081),
(3, 2127),
(3, 2062),
(3, 2089),
(3, 2160),
(3, 2005),
(3, 2057),
(3, 2076),
(3, 2090),
(3, 2007),
(3, 2132),
(3, 2129),
(3, 2154),
(3, 1976),
(3, 2011),
(3, 2114),
(3, 2159),
(3, 2077),
(3, 2095),
(3, 2109),
(3, 2161),
(3, 2054),
(3, 2130),
(3, 2097),
(3, 2131),
(3, 2010),
(3, 2167),
(3, 2012),
(3, 2052),
(3, 2083),
(3, 2096),
(3, 2014),
(3, 2108),
(3, 2128),
(3, 2058),
(3, 2098),
(3, 2157),
(3, 2164),
(3, 2059),
(3, 2133),
(3, 2168),
(3, 2155),
(3, 2053),
(3, 2044),
(3, 2163),
(3, 2008),
(3, 2037),
(3, 2055),
(3, 2006),
(3, 2042),
(3, 2084),
(3, 2134),
(3, 2099),
(3, 2105),
(3, 2156),
(3, 2038),
(3, 2075),
(3, 2153),
(3, 2050),
(3, 2107),
(3, 2056),
(3, 2126),
(3, 2135),
(3, 2047),
(3, 2046),
(3, 2125),
(3, 2152),
(3, 2040),
(3, 2051),
(3, 2078),
(3, 2009),
(3, 2082),
(3, 2049),
(3, 2088),
(3, 2165),
(3, 2080),
(3, 2085),
(3, 2079),
(3, 2041),
(3, 2092),
(3, 2093),
(3, 2104),
(3, 2139),
(3, 2043),
(3, 2039),
(3, 2045),
(3, 2048),
(3, 2086),
(3, 2166),
(3, 2091),
(3, 2158),
(3, 2087);

--
-- Índices para tablas volcadas
--

--
-- Indices de la tabla `statement`
--
ALTER TABLE `statement`
  ADD PRIMARY KEY (`id`);

--
-- Indices de la tabla `tag`
--
ALTER TABLE `tag`
  ADD PRIMARY KEY (`id`),
  ADD UNIQUE KEY `name` (`name`);

--
-- Indices de la tabla `tag_association`
--
ALTER TABLE `tag_association`
  ADD KEY `tag_id` (`tag_id`),
  ADD KEY `statement_id` (`statement_id`);

--
-- AUTO_INCREMENT de las tablas volcadas
--

--
-- AUTO_INCREMENT de la tabla `statement`
--
ALTER TABLE `statement`
  MODIFY `id` int(11) NOT NULL AUTO_INCREMENT, AUTO_INCREMENT=2299;

--
-- AUTO_INCREMENT de la tabla `tag`
--
ALTER TABLE `tag`
  MODIFY `id` int(11) NOT NULL AUTO_INCREMENT, AUTO_INCREMENT=4;

--
-- Restricciones para tablas volcadas
--

--
-- Filtros para la tabla `tag_association`
--
ALTER TABLE `tag_association`
  ADD CONSTRAINT `tag_association_ibfk_1` FOREIGN KEY (`tag_id`) REFERENCES `tag` (`id`),
  ADD CONSTRAINT `tag_association_ibfk_2` FOREIGN KEY (`statement_id`) REFERENCES `statement` (`id`);
COMMIT;

/*!40101 SET CHARACTER_SET_CLIENT=@OLD_CHARACTER_SET_CLIENT */;
/*!40101 SET CHARACTER_SET_RESULTS=@OLD_CHARACTER_SET_RESULTS */;
/*!40101 SET COLLATION_CONNECTION=@OLD_COLLATION_CONNECTION */;
