OP,Tiros Generales,Producto,Fecha de despacho
627,180000,FOLLETOS ALOISE SEPTIMBRE,19/08/2016
628,185000,FOLLETOS PEROZZI SEPTIEMBRE,19/08/2016
629,97875,VANIDADES 56-13,23/08/2016
630,986000,PARA TI COLECCIONES 4911,29/08/2016
631,256666,PARA TI POCKET 31 COLECCIONES,24/08/2016
632,24000,DIARIO DE IZQUIERDA 635,23/08/2016
633,395250,GENTE 2667,25/08/2016
634,500250,PAPARAZZI 773,25/08/2016
637,14000,DIARIO DE IZQUIERDA 636,31/08/2016
638,120000,TEJIDO DOS AGUJAS 68,2/09/2016
639,406850,GENTE 2668,1/09/2016
640,30000,GENTE ONE SHOT 15 GILDA,2/09/2016
641,500250,PAPARAZZI 774,2/09/2016
642,208500,PARA TI 4912,2/09/2016
643,14000,DIARIO DE IZQUIERDA 637,7/09/2016
644,395250,GENTE 2669,8/09/2016
645,500250,PAPARAZZI 775,8/09/2016
646,208500,PARA TI 4913,12/09/2016
647,45000,CUADERNO MADYGRAF,9/09/2016
648,185000,FOLLETOS PEROZZI OCTUBRE,29/09/2016
649,200000,FOLLETOS ALOISE OCTUBRE,12/09/2016
650,330000,FOLLETOS FAVA OCTUBRE,22/09/2016
651,107250,EL ALIJOR DEL BEBE 34,12/09/2016
652,172500,DECOPLUS 13,12/09/2016
653,112875,LA VALIJITA 156,12/09/2016
654,14000,DIARIO DE IZQUIERDA 638,13/09/2016
655,594000,GENTE 2670,17/09/2016
656,500250,PAPARAZZI 776,16/09/2016
657,208500,PARA TI 4914,16/09/2016
658,533,FOLLETOS Y DIPTICOS,20/09/2016
658,10000,FOLLETOS Y DIPTICOS,19/09/2016
659,669750,COSMOPOLITAN 242 SEPTIEMBRE,23/09/2016
660,14000,DIARIO DE IZQUIERDA 639,21/09/2016
661,7500,REVISTA DIDACTICA + CARTON,22/09/2016
662,97875,VANIDADES 56-14,22/09/2016
663,404300,GENTE 2671,13/10/2016
664,208500,PARA TI 4915,27/09/2016
665,543750,PAPARAZZI 777,26/09/2016
666,234000,TEJIDO CROCHET 23,29/09/2016
667,81250,GUIA DE PUNTOS CROCHET 23,13/10/2016
668,16000,DIARIO DE IZQUIERDA 640,29/09/2016
669,404300,GENTE 2672,13/10/2016
671,543750,PAPARAZZI 778,30/09/2016
672,50850,LA VALIJITA ESPECIAL 81,4/10/2016
673,7500,VOLANTE PAN Y ROSAS,5/10/2016
674,526750,GENTE 2673,13/10/2016
675,500250,PAPARAZZI 779,11/10/2016
676,262200,PARA TI 4917,7/10/2016
677,11250,CUADERNO MADYGRAF,12/10/2016
678,14000,DIARIO DE IZQUIERDA 641,12/10/2016
679,93750,LA VALIJITA 157,13/10/2016
680,428750,GENTE 2674,13/10/2016
681,192000,PARA TI 4918,14/10/2016
682,500250,PAPARAZZI 780,18/10/2016
683,50000,AFICHE,14/10/2016
684,192000,PARA TI 4919,24/10/2016
685,453250,GENTE 2675,24/10/2016
686,500250,PAPARAZZI 781,24/10/2016
687,496725,COSMOPOLITAN 243 NOVIEMBRE,25/10/2016
688,644000,PARA TI DECO 153,19/10/2016
689,97875,VANIDADES 560-15,24/10/2016
690,15000,DIARIO DE IZQUIERDA 642,19/10/2016
691,330000,FOLLETOS FAVA NOVIEMBRE,19/10/2016
692,787500,REVISTA 300 DIAS DE GESTION,29/10/2016
693,14000,DIARIO DE IZQUIERDA 643,26/10/2016
694,200000,FOLLETOS ALOISE NOVIEMBRE,26/10/2016
695,185000,FOLLETOS PEROZZI NOVIEMBRE,26/10/2016
696,428750,GENTE 2676,27/10/2016
697,192000,PARA TI 9020,27/10/2016
698,500250,PAPARAZZI 782,28/10/2016
699,31250,VOLANTE,2/11/2016
700,12000,DIARIO DE IZQUIERDA 644,2/11/2016
701,428750,GENTE 2677,3/11/2016
702,192000,PARA TI 4921,3/11/2016
703,543750,PAPARAZZI 783,7/11/2016
704,52500,TEJIDOS EXPRESS MANDALAS 69,9/11/2016
705,50850,LA VALIJITA ESPECIAL 82,7/11/2016
706,15000,DIARIO DE IZQUIERDA 645,6/11/2016
707,93750,LA VALIJITA 158,9/11/2016
708,453250,GENTE 2678,10/11/2016
709,500250,PAPARAZZI 784,14/11/2016
710,192000,PARA TI 4922,10/11/2016
711,415850,GENTE 2679,
712,500250,PAPARAZZI 785,21/11/2016
713,380000,FOLLETOS FAVA DICIEMBRE,
714,192000,PARA TI 4923,18/11/2016
715,172500,DECOPLUS 14,29/11/2016
716,631680,COSMOPOLITAN 246 DICIEMBRE,22/11/2016
717,98175,VANIDADES 56-16,22/11/2016
718,15000,DIARIO DE IZQUIERDA 646,24/11/2016
719,428750,GENTE 2680,24/11/2016
720,464000,PARA TI 4924,29/11/2016
721,185000,FOLLETOS PEROZZI DICIEMBRE,25/11/2016
722,200000,FOLLETOS ALOISE DICIEMBRE,29/11/2016
723,98000,FOLLETOS DIARIO,25/11/2016
724,60000,FOLLETOS LWC,25/11/2016
725,600000,FOLLETOS PARDO DICIEMBRE,27/11/2016
726,260000,CATALOGO BAZAR EL ENTRERRIANO DICIEMBRE,1/12/2016
727,500250,PAPARAZZI 786,29/11/2016
728,240000,FOLLETOS BARBIERI DICIEMBRE,1/12/2016
729,797500,GENTE 2681,24/11/2016
730,221000,PARA TI 4925,1/12/2016
731,500250,PAPARAZZI 787,5/12/2016
732,100000,DIARIO INFO MALVINAS ARGENTINAS,7/12/2016
733,504400,GENTE 2682,24/11/2016
734,638400,PARA TI DECO 154,7/12/2016
735,500250,PAPARAZZI 788,13/12/2016
736,195000,PARA TI 4926,13/12/2016
737,18000,DIARIO DE IZQUIERDA,12/12/2016
738,70000,LIBROS COMBINADOS 1 Y 2 CABALAS Y ESPECIAL,15/12/2016
739,30000,REVISTAS COMBINADAS 1 CABALAS SOPA Y 2 COMODIN SOPA,13/12/2016
740,16250,CUADERNO MADYGRAF,13/12/2016
741,60000,LIBROS COMBINADOS 3 INGENIO AUTO Y 4 MAS 200 AUTO,13/12/2016
742,70000,LIBROS COMBINADOS 5 EXTRA 120 SOPA Y 6 SUPER 120 SOPA,14/12/2016
743,60000,LIBROS COMBINADOS 7 COMODIN 200 CRUCI Y 4 RECREO 200 CRUCI,13/12/2016
744,20000,REVISTA COMBINADAS 3 ESPECIAL Y 4 INGENIO SOPA,13/12/2016
745,20000,REVISTAS COMBINADAS 5 MAS Y 6 MEGA,13/12/2016
746,20000,REVISTAS COMBINADAS 7 SUPER SOPA 8 EXTRA SOPA,13/12/2016
747,75000,LA VALIJITA 159,14/12/2016
748,185000,FOLLETOS PEROZZI ENERO,15/12/2016
749,200000,FOLLETOS ALOISE ENERO,22/12/2016
750,380000,FOLLETOS FAVA ENERO,15/12/2016
751,589506,GENTE 2683,19/12/2016
752,481875,PAPARAZZI 789,19/12/2016
753,172500,PARA TI 4927,16/12/2016
754,440075,COSMOPOLITAN 245 ENERO,22/12/2016
755,103725,VANIDADES 57-01,22/12/2016
756,579500,GENTE 2684,15/12/2016
757,491050,PAPARAZZI 790,26/12/2016
758,195000,PARA TI 4928,26/12/2016
759,480500,GENTE 2685,15/12/2016
760,240000,PARA TI 4929,2/01/2017
761,598000,PAPARAZZI 791,2/01/2017
762,417471,GENTE 2686,6/01/2017
763,240000,PARA TI 4930,5/01/2017
764,598000,PAPARAZZI 792,9/01/2017
765,70000,LIBROS COMBINADOS 1 CABALA Y 2 ESPECIAL,11/01/2017
766,60000,LIBROS COMBINADOS 3 INGENIO Y 4 MAS,11/01/2017
767,60000,LIBROS COMBINADOS 5 EXTRA Y 6 SUPER,11/01/2017
768,60000,LIBROS COMBINADOS 7 COMODIN Y 8 RECREO,11/01/2017
769,20000,REVISTAS COMBINADAS 1 CABALA Y 2 COMODIN REIMPRESION,24/01/2017
769,50000,REVISTAS COMBINADAS 1 CABALA Y 2 COMODIN,11/01/2017
770,40000,REVISTAS COMBINADAS 3 ESPECIAL Y 4 INGENIO,24/01/2017
771,40000,REVISTAS COMBINADAS 5 MAS Y 6 MEGA,11/01/2017
772,40000,REVISTAS COMBINADAS 7 SUPER SOPA 8 EXTRA SOPA,11/01/2017
773,50000,MANDALA ALMA,11/01/2017
774,40000,MANDALA PROPERIDAD,11/01/2017
775,40000,MANDALA CREATIVIDAD,11/01/2017
776,43333,MANDALA AMOR,11/01/2017
777,146250,LA VALIJITA 160,11/01/2017
778,360000,FOLLETOS FAVA FEBRERO,15/12/2016
779,185000,FOLLETOS PEROZZI FEBRERO,11/01/2017
780,100000,FOLLETOS ALOISE FEBRERO,28/01/2017
781,385305,GENTE 2687,12/01/2017
782,36000,LA VALIJITA ESPECIAL 83,12/01/2017
783,202500,PARA TI 4931,13/01/2017
784,577875,PAPARAZZI 793,17/01/2017
785,385305,GENTE 2688,19/01/2019
786,537625,PAPARAZZI 794,19/01/2017
787,202500,PARA TI 4932,20/01/2017
788,250000,REVISTA PROTO 1069,20/01/2017
789,389325,COSMOPOLITAN 246 FEBRERO,23/01/2017
790,96225,VANIDADES 57-02,23/01/2017
791,312485,GENTE 2689,26/01/2017
792,187500,PARATI 4933,30/01/2017
793,537625,PAPARAZZI 795,30/01/2017
794,100000,DIARIO MALVINAS ARGENTINAS,30/01/2017
795,573500,GENTE 2690,2/02/2017
796,187500,PARA TI 4934,3/02/2017
797,520375,PAPARAZZI 796,3/02/2017
798,606200,PARA TI DECO 155,8/02/2017
799,470125,GENTE 2691,9/02/2017
800,138750,LA VALIJITA 161,10/02/2017
801,500250,PAPARAZZI 797,10/02/2017
802,187500,PARA TI 4935,10/02/2017
803,395250,GENTE 2692,16/02/2017
804,87975,VANIDADES 57-03,16/02/2017
805,483000,PAPARAZZI 798,17/02/2017
806,187500,PARA TI 4936,17/02/2017
807,338575,COSMOPOLITAN 247 FEBRERO,22/02/2017
808,260000,FOLLETOS FAVA MARZO,24/02/2017
809,185000,FOLLETOS PEROZZI MARZO,21/02/2017
810,379750,GENTE 2693,23/02/2017
811,168750,PARA TI 4937,23/02/2017
812,468625,PAPARAZZI 799,23/02/2017
813,160000,FOLLETOS ALOISE MARZO,24/02/2017
814,12000,DIARIO DE IZQUIERDA 648,1/03/2017
815,379750,GENTE 2694,2/03/2017
816,5000,PAN Y ROSAS,6/03/2017
817,460000,PAPARAZZI 800,6/03/2017
818,180000,PARA TI 4938,6/03/2017
819,182280,EL AJUAR DEL BEBE 35,9/03/2017
820,453250,GENTE 2695,9/03/2017
821,1500,PARA TI 4939,17/03/2017
821,377000,PARA TI 4939,9/03/2017
822,370000,PARA TI POCKET 32 ANTICIPO COLECCIONES,9/03/2017
823,460000,PAPARAZZI 801,10/03/2017
824,17000,DIARIO DE IZQUIERDA 649,14/03/2017
825,192000,TEJIDO DOS AGUJAS 70,14/03/2017
826,135000,LA VALIJITA 162,15/03/2017
827,393000,GENTE 2696,16/03/2017
828,176250,PARA TI 4940,16/03/2017
829,454250,PAPARAZZI 802,16/03/2017
830,260000,FOLLETOS FAVA ABRIL,17/03/2017
831,334800,COSMOPOLITAN 834 FEBRERO,22/03/2017
832,87975,VANIDADES 57-04,22/03/2017
832,100000,DIARIO MALVINAS ARGENTINAS,21/03/2017
833,300000,DIARIO ESCOBAR,22/03/2017
834,368000,GENTE 2697,24/03/2017
835,454250,PAPARAZZI 803,23/03/2017
836,176250,PARA TI 4941,23/03/2017
837,377000,PARA TI 4942,28/03/2017
838,17500,MUNICIPIO CAMPANA,28/03/2017
839,414000,GENTE 2698,31/03/2017
839,160000,FOLLETOS ALOISE ABRIL,28/03/2017
840,36000,LA VALIJITA ESPECIAL 84,30/03/2017
840,185000,FOLLETOS PEROZZI ABRIL,28/03/2017
841,174000,GUIA DE PUNTOS CROCHET 24,30/03/2017
841,16000,DIARIO DE IZQUIERDA 650,30/03/2017
845,454250,PAPARAZZI 804,3/04/2017
846,30000,SUPLEMENTO TABLOIDE,4/04/2017
847,368000,GENTE 2699,5/04/2017
848,277500,LIBRO DE ORO TEJIDO 18,3/04/2017
849,454250,PAPARAZZI 805,7/04/2017
850,176250,PARA TI 4943,7/04/2017
851,595000,PARA TI DECO 156,10/04/2017
852,135000,LA VALIJITA 163,20/04/2017
853,368000,GENTE 2700,12/04/2017
854,451375,PAPARAZZI 806,12/04/2017
855,176250,PARA TI 4944,12/04/2017
856,185000,FOLLETOS PEROZZI MAYO,18/04/2017
857,160000,FOLLATOS ALOISE MAYO,18/04/2017
858,260000,FOLLETOS FAVA MAYO,18/04/2017
859,213950,MUY INTERESANTE 379,20/04/2017
860,210000,REVISTA WORLDCOLOR,28/04/2017
861,200000,FOLLETOS CASA SILVIA,20/04/2017
862,12000,DIARIO DE IZQUIERDA 651,20/04/2017
863,384000,GENTE 2701,21/04/2017
864,168750,PARA TI 4945,20/04/2017
865,451375,PAPARAZZI 807,20/04/2017
866,91725,VANIDADES 57-05,20/04/2017
867,312337,COSMOPOLITAN 249 MAYO,24/04/2017
868,40250,TEJIDOS EXPRESS 71,26/04/2017
869,346400,GENTE 2702,2/05/2017
870,146250,PARA TI 4946,2/05/2017
871,451375,PAPARAZZI 808,3/05/2017
872,15000,DIARIO DE IZQUIERDA 652,4/05/2017
873,402500,GENTE 2703,4/05/2017
874,225000,PARA TI 4947,5/05/2017
875,39600,LA VALIJITA ESPECIAL 85,4/05/2017
876,200000,FOLLETOS AUTHOGAR JUNIO,23/05/2017
877,200000,FOLLETOS CASA SILVIA JUNIO,22/05/2017
878,451375,PAPARAZZI 809,8/05/2017
879,222000,TEJIDOS CROCHET 24,8/05/2017
880,363000,GENTE 2704,11/05/2017
881,168750,PARA TI 4948,12/05/2017
882,439875,PAPARAZZI 810,15/05/2017
883,90000,LA VALIJITA 164,30/05/2017
884,375000,FOLLETOS FAVA JUNIO,17/05/2017
885,13000,DIARIO DE IZQUIERDA 653,18/05/2017
886,429100,GENTE 2705,18/05/2017
887,208450,MUY INTERESANTE 380,18/05/2017
888,21250,CUADERNOS MADYGRAF,19/05/2017
889,185000,FOLLETOS PEROZZI JUNIO,23/05/2017
890,240000,FOLLETOS ALOISE JUNIO,23/05/2017
891,165000,PARA TI 4949,19/05/2017
892,428375,PAPARAZZI 811,23/05/2017
893,317982,COSMOPOLITAN 250 JUNIO,25/05/2017
894,98400,VANIDADES 57-06,29/05/2017
895,210000,DECOPLUS 15,24/05/2017
896,363000,GENTE 2706,24/05/2017
897,428375,PAPARAZZI 812,24/05/2017
898,165000,PARA TI 4950,24/05/2017
899,5000,IGLESIA INIVERSAL - PRUEBA DE PRODUCTO,31/05/2017
900,12000,DIARIO DE IZQUIERDA 654,31/05/2017
901,400000,DIARIO ACCION MUNICIPAL,2/06/2017
902,240000,DIARIO CATALEJO,31/05/2017
903,371157,GENTE 2707,1/06/2017
904,161250,PARA TI 4951,6/06/2017
905,425500,PAPARAZZI 813,2/06/2017
906,18750,VOLANTE PTS,2/06/2017
907,39600,LA VALIJITA ESPECIAL86,5/06/2017
908,40250,TEJIDOS EXPRESS 72,5/06/2017
909,407000,GENTE 2708,8/06/2017
910,161250,PARA TI 4952,12/06/2017
911,419750,PAPARAZZI 814,12/06/2017
912,89250,LA VALIJITA 165,15/06/2017
913,180000,TEJIDOS PARA TODA LA FAMILIA 73,13/06/2017
914,567000,PARA TI DECO 157,13/06/2017
915,25000,VOLANTE PTS,15/06/2017
916,160000,FOLLETOS AUTHOGAR JULIO,16/06/2017
917,300000,FOLLETOS FAVA JULIO,19/06/2017
918,210000,FOLLETOS CASA SILVIA JULIO,16/06/2017
919,11000,DIARIO DE IZQUIERDA 655,15/06/2017
920,424125,GENTE 2709,15/06/2017
921,411125,PAPARAZZI 815,15/06/2017
922,150000,PARA TI 4953,15/07/2017
923,185000,FOLLETOS PEROZZI JULIO,19/07/2017
924,240000,FOLLETOS ALOISE JULIO,19/06/2017
925,202950,MUY INTERESANTE 381,21/06/2017
926,371875,GENTE 2710,23/06/2017
927,411125,PAPARAZZI 816,22/06/2017
928,150000,PARA TI 4954,23/06/2017
929,98400,VANIDADES 57-07,23/06/2017
930,313200,COSMOPOLITAN 251 JULIO,26/06/2017
931,18750,VOLANTES PTS,27/06/2017
932,37500,VOLANTES PTS,27/06/2017
933,75000,VOLANTES PTS,27/06/2017
934,11000,DIARIO DE IZQUIERDA 656,30/06/2017
935,414375,GENTE 2711,29/06/2017
936,150000,PARA TI 4955,30/06/2017
937,65000,GUIA DE PUNTOS DOS AGUJAS 18,30/06/2017
938,396570,PAPARAZZI 817,30/06/2017
939,60000,DIARIO ATE,7/07/2017
940,350625,GENTE 2712,6/07/2017
941,150000,PARA TI 4956,6/07/2017
942,396570,PAPARAZZI 818,6/07/2017
943,44000,LA VALIJITA ESPECIAL 87,11/07/2017
944,100000,DIARIO MALVINAS ARGENTINAS JULIO,6/07/2017
945,240000,DIARIO ACCION MUNICIPAL JULIO,12/07/2017
946,37500,VOLANTES AS PTS,12/07/2017
947,82500,LA VALIJITA 166,12/07/2017
948,535000,BOLETAS - MENDOZA 1,13/07/2017
949,345000,BOLETAS - MENDOZA 2,15/07/2017
950,48000,BOLETAS - MENDOZA 3,13/07/2017
951,66000,BOLETAS - MENDOZA 4,13/07/2017
952,329375,GENTE 2713,13/07/2017
953,168000,PARA TI 4957,18/07/2017
954,396750,PAPARAZZI 819,13/07/2017
955,150000,BOLETAS - MISIONES,15/07/2017
956,150000,BOLETAS - CAPITAL,15/07/2017
957,375000,FOLLETOS FAVA AGOSTO,18/07/2017
958,787500,REVISTA 600 DIAS DE GESTION,17/07/2017
959,12000,DIARIO DE IZQUIERDA 657,18/07/2017
960,329375,GENTE 2714,20/07/2017
961,396750,PAPARAZZI 820,20/07/2017
963,140000,BOLETAS - BERAZATEGUI,24/07/2017
964,194315,MUY IBNTERESANTE 382,24/07/2017
965,185000,FOLLETOS PEROZZI AGOSTO,25/07/2017
966,270000,FOLLETOS ALOISE AGOSTO,25/07/2017
967,180000,FOLLETOS AUTHOGAR AGOSTO,25/07/2017
968,210000,FOLLETOS CASA SILVIA AGOSTO,25/07/2017
983,20000,CARPETAS,28/07/2017
984,618900,BOLETAS - FIT - ZONA 1,26/07/2017
985,388800,BOLETAS - FIT - ZONA 2,26/07/2017
986,1033600,BOLETAS - FIT - ZONA 3,26/07/2017
987,438600,BOLETAS - FIT - ZONA 4,26/07/2017
988,705600,BOLETAS - FIT - ZONA 5,26/07/2017
989,100300,BOLETAS - FIT - ZONA 6,26/07/2017
990,569200,BOLETAS - FIT - ZONA 7,26/07/2017
991,72400,BOLETAS - FIT - ZONA 8,26/07/2017
992,72400,BOLETAS - FIT - ZONA 9,26/07/2017
993,125100,BOLETAS - FIT - ZONA 10,26/07/2017
994,95400,BOLETAS - FIT - ZONA 11,26/07/2017
995,82800,BOLETAS - FIT - ZONA 12,26/07/2017
996,69300,BOLETAS - FIT - ZONA 13,26/07/2017
997,22800,BOLETAS - FIT - FINAL ZONA 14,26/07/2017
998,9200,BOLETAS - FIT - FINAL 3 CUERPOS ZONA 15,26/07/2017
999,329375,GENTE 2715,27/07/2017
1000,396750,PAPARAZZI 821,27/07/2017
1001,165000,PARA TI 4959,31/07/2017
1002,265360,COSMOPOLITAN 252,27/07/2017
1003,108800,VANIDADES N 57-08,27/07/2017
1004,40000,BOLETAS - 1RA DE HURLINGHAN 2 A,28/07/2017
1005,25000,VOLANTES A4,28/07/2017
1006,40000,BOLETAS - 1RA VICENTE LOPEZ,28/07/2017
1007,40000,BOLETAS - UN PAIS,28/07/2017
1009,160800,BOLETAS - FIT - CAMBIO DE PAPEL ZONA 2 FINAL,31/07/2017
1010,40200,BOLETAS - FIT - CAMBIO DE PAPEL ZONA 2 TIGRE FINAL,31/07/2017
1011,240000,DIARIO CATALEJO AGOSTO,1/08/2017
1012,360000,BOLETAS - FIT - 1RA SECCION,2/08/2017
1013,259200,BOLETAS - FIT - 2DA SECCION,2/08/2017
1014,176400,BOLETAS - FIT - 3RA SECCION,2/08/2017
1015,258400,BOLETAS - FIT - 4TA SECCION,2/08/2017
1016,64600,BOLETAS - FIT - 5TA SECCION,2/08/2017
1017,112400,BOLETAS - FIT - 6TA SECCION,3/08/2017
1018,73100,BOLETAS - FIT - 7MA SECCION,3/08/2017
1019,2000,REIMPRESION TAPA REVISTA 6000 DIAS DE GESTION,3/08/2017
1020,329375,GENTE 2716,3/08/2017
1021,393875,PAPARAZZI 822,3/08/2017
1022,150000,PARA TI 4960,3/08/2017
1023,40250,TEJIDOS EXPRESS 74,4/08/2017
1024,60000,DIARIO ATE,9/08/2017
1025,24000,BOLETAS - VICENTE LOPEZ CAMBIEMOS,9/08/2017
1026,32000,BOLETAS - FIT - REIMPRESION ZONA 9,9/08/2017
1027,240000,DARIO ACCION MUNICIPAL,10/08/2017
1028,330000,GENTE 2717,10/08/2017
1029,304500,PARA TI 4961,10/09/2017
1030,393875,PAPARAZZI 823,10/08/2017
1031,295000,PARA TI POCKET 34,11/08/2017
1032,10000,SOBRETIRAJE BOLETAS - BERAZATEGUI,11/08/2017
1033,85500,LA VALIJITA 167,14/08/2017
1034,119600,MUY INTERESANTE ESPECIAL DA VINCI,14/09/2017
1036,343850,GENTE 2718,17/08/2017
1037,393875,PAPARAZZI 824,17/08/2017
1038,185000,FOLLETOS PEROZZI,18/08/2017
1039,270000,FOLLETOS ALOISE,18/09/2017
1040,300000,FOLLETOS FAVA,24/08/2017
1041,210000,FOLLETOS CASA SILVIA,22/08/2017
1042,10000,DIARIO DE IZQUIERDA 658,23/08/2017
1043,194315,MUY INTERESANTE 383,23/08/2017
1044,341250,GENTE 2719,24/08/2017
1045,391000,PAPARAZZI 625,24/08/2017
1046,265360,COSMOPOLITAN 253,25/08/2017
1047,627000,PARA TI COLECCIONES 4964,28/09/2017
1048,160000,FOLLETOS AUTHOGAR,29/08/2017
1049,108800,VANIDADES 57-09,29/08/2017
1050,391000,PAPARAZZI 826,5/09/2017
1051,302250,GENTE 2720,31/08/2017
1052,15000,FOLLETOS FERIA PURO DISEÑO,5/09/2017
1053,114000,TEJIDOS EXPRESS DOS AGUJAS,6/09/2017
1054,60000,DIARIO ATE,6/09/2017
1057,380250,GENTE 2721,7/09/2017
1058,391000,PAPARAZZI 827,11/09/2017
1059,150000,DECOPLUS 16,7/09/2017
1060,44000,LA VALIJITA ESPECIAL 88,7/09/2017
1061,50000,VOLANTES PTS A4,8/09/2017
1062,78750,LA VALIJITA 168,11/09/2017
1063,54250,EL AJUAR DEL BEBE 36,11/09/2017
1064,2000,REIMPRESION - VANIDADES N57-09,12/09/2017
1065,282750,GENTE 2722,14/09/2017
1066,388125,PAPARAZZI 828,14/09/2017
1067,50000,VOLANTES PTS A4,19/09/2017
1068,210000,FOLLETOS CASA SILVIA,21/09/2017
1069,225000,FOLLETOS AUTHOGAR,25/09/2017
1070,375000,FOLLETOS FAVA,21/09/2017
1071,360000,FOLLETOS ALOISE,27/09/2017
1072,277500,FOLLETOS PEROZZI,4/10/2017
1073,31250,VOLANTES PTS GRAL OCTUBRE,20/09/2017
1074,25000,VOLANTES PTS CORDOBA,21/09/2017
1075,388125,PAPARAZZI 829,21/09/2017
1076,341250,GENTE 2723,21/09/2017
1077,194315,MUY INTERESANTE 384,22/09/2017
1078,100000,FOLLETO TRIPTICO,26/09/2017
1079,25000,VOLANTES PCIA DE BUENOS AIRES,26/09/2017
1080,249360,COSMOPOLITAN N 254,28/09/2017
1081,109600,VANIDADES N 57-10,26/09/2017
1082,¿83333.33333?,BOLETAS - MISIONES,26/09/2017
1083,425200,BOLETAS - FIT - MENDONZA ZONA 1,27/09/2017
1084,106800,BOLETAS - FIT - MENDONZA ZONA 2,27/09/2017
1085,94800,BOLETAS - FIT - MENDONZA ZONA 3,27/09/2017
1086,224400,BOLETAS - FIT - MENDOZA ZONA 4,27/09/2017
1087,69000,BOLETAS - FIT - MENDOZA 3 CUERPOS ZONA 5,27/09/2017
1088,12500,VOLANTE PTS,28/09/2017
1090,14000,DIARIO DE IZQUIERDA 659,28/09/2017
1091,388125,PAPARAZZI 830,28/09/2017
1092,200000,BOLETAS - UNIDAD CIUDADANA,29/09/2017
1093,970800,BOLETAS - FIT - PRIMERA SECCION ZONA 1,29/09/2017
1094,631400,BOLETAS - FIT- PRIMERA SECCION ZONA 2,29/09/2017
1095,338400,BOLETAS - FIT- PRIMERA SECCION ZONA 3,29/09/2017
1096,109600,BOLETAS - FIT - PRIMERA SECCION ZONA 4,29/09/2017
1097,128720,BOLETAS - FIT - PRIMERA SECCION ZONA 5,29/09/2017
1098,105000,BOLETAS - FIT - PRIMERA SECCION ZONA 6,29/09/2017
1099,312300,BOLETAS - FIT - PRIMERA SECCION ZONA 7,29/09/2017
1100,2800,BOLETAS - FIT PRIMERA SECCION ZONA 8,29/09/2017
1101,9400,BOLETAS - FIT - PRIMERA SECCION 3 CUERPOS ZONA 9,5/10/2017
1102,200000,BOLETAS - BERAZATEGUI,4/10/2017
1103,31800,BOLETAS - FIT - TERCERA SECCION ZONA 1,2/10/2017
1104,51800,BOLETAS - FIT - TERCERA SECCION ZONA 2,2/10/2017
1105,110400,BOLETAS - FIT - TERCERA SECCION ZONA 3,20/10/2017
1106,59000,BOLETAS - FIT TERCERA SECCION ZONA 4,2/10/2017
1107,287800,BOLETAS - FIT - TERCERA SECCION ZONA 5 FINAL,2/10/2017
1108,198400,BOLETAS - FIT - TERCERA SECCION ZONA 6 FINAL,4/10/2017
1109,176400,BOLETAS - FIT - TERCERA SECCION ZONA 7,2/10/2017
1110,450000,BOLETAS - MISIONES 1,2/10/2017
1111,40000,BOLETAS - MISIONES 2,2/10/2017
1112,,BOLETAS - MISIONES 3,2/10/2017
1113,36000,BOLETAS - MISIONES 4,1/10/2017
1114,2700,CORTE DE PAPEL,2/10/2017
1115,254000,BOLETAS FIT TERCERA SECCION ZONA 8 FINAL,4/10/2017
1116,120000,BOLETAS FIT TERCERA SECCION ZONA 5 6 8 PARCIAL,4/10/2017
1117,25000,BOLETAS - FIT - TERCERA SECCION ZONA 9,3/10/2017
1118,210000,TEJIDOS CROCHET 25,11/10/2017
1119,25000,FOLLETO DIPTICO MEGATONE,3/10/2017
1120,30000,DIARIO MUNICIPIO DE BELLA VISTA TUCUMAN,3/10/2017
1121,100000,DIARIO NOTI ESCOBAR,4/10/2017
1122,13500,FOLLETO DIPTICO MEGATONE,5/10/2017
1123,419250,GENTE 2725,5/10/2017
1124,40000,LA VALIJITA ESPECIAL 89,6/10/2017
1125,388125,PAPARAZZI 831,6/10/2017
1126,2500,SUPLEMENTO,6/10/2017
1127,117030,MUY INTERESANTE ESPECIAL PYR,17/10/2017
1128,78750,LA VALIJITA 169,10/10/2017
1129,93600,BOLETAS - BERAZATEGUI,10/10/2017
1130,60000,DIARIO ATE,10/10/2017
1132,50000,BOLETAS COMBINADAS,12/10/2017
1133,302250,GENTE 2726,12/10/2017
1134,385250,PAPARAZZI 832,12/10/2017
1135,50000,BOLETAS COMBINADAS 2,18/10/2017
1136,300000,FOLLETOS FAVA,18/10/2017
1137,210000,FOLLETOS CASA SILVIA,19/10/2017
1138,317200,GENTE 2727,19/10/2017
1139,146250,PARA TI 4971,23/10/2017
1140,60000,GUIA DE PUNTOS DOS AGUJAS 19,27/10/2017
1141,385250,PAPARAZZI 833,19/10/2017
1142,210000,FOLLETOS SAMPIETRO,23/10/2017
1143,160000,FOLLETOS AUTHOGAR,20/10/2017
1144,194425,MUY INTERESANTE 385,23/10/2017
1147,60000,FOLLETOS PAMPA,24/10/2017
1148,190000,FOLLETOS PEROZZI,25/10/2017
1149,270000,FOLLETOS ALOISE,27/10/2017
1150,341250,GENTE 2728,26/10/2017
1151,385250,PAPARAZZI 834,26/10/2017
1152,146250,PARA TI 4972,26/10/2017
1153,4000,REVISTA MADYGRAF,3/11/2017
1154,241440,COSMOPOLITAN 255,27/10/2017
1155,110640,VANIDADES 57-11,30/10/2017
1157,341250,GENTE 2729,2/11/2017
1158,146250,PARA TI 4973,2/11/2017
1159,7500,FOLLETOS PAMPA,30/10/2017
1160,448875,PAPARAZZI 835,3/11/2017
1161,40000,LA VALIJITA ESPECIAL 90,6/11/2017
1162,80000,DIARIO BOLETIN,8/11/2017
1163,360750,GENTE 2730,10/11/2017
1164,150000,DECOPLUS 17,10/11/2017
1165,146250,PARA TI 4974,10/11/2017
1166,382375,PAPARAZZI 836,10/11/2017
1167,70000,DIARIO ATE,15/11/2017
1168,75000,LA VALIJITA 170,15/11/2017
1169,439500,FOLLETO BRINGERI,21/11/2017
1170,60000,FOLLETOS PAMPA,21/11/2017
1171,225000,FOLLETOS AUTHOGAR,21/11/2017
1172,275000,FOLLETOS CASA SILVIA,17/11/2017
1173,240000,FOLLETOS SAMPIETRO,15/11/2017
1174,19000,REVISTA GALLARETA,15/11/2017
1176,105000,FOLLETO TRIPTICO CHACO,24/11/2017
1177,399750,GENTE 2731,18/11/2017
1178,146250,PARA TI 4975,17/11/2017
1180,375000,FOLLETOS FAVA,17/11/2017
1183,190000,FOLLETOS PEROZZI,22/11/2017
1184,270000,FOLLETOS ALOISE,22/11/2017
1185,220500,PARA TI 4976,23/11/2017
1186,301875,GENTE 2732,24/11/2017
1187,186725,MUY INTERESANTE 386,23/11/2017
1188,359375,PAPARAZZI 838,30/11/2017
1189,0,TARJETAS,27/11/2017
1190,50000,REVISTA FJU,14/12/2017
1191,150880,COSMOPOLITAN 256,1/12/2017
1192,100240,VANIDADES 57-12,1/12/2017
1193,316125,GENTE 2733,30/11/2017
1194,157250,PARA TI 4977,30/11/2017
1195,359375,PAPARAZZI 839,30/11/2017
1196,45000,FOLLETO TRIPTICO MAR DEL PLATA,5/12/2017
1197,396000,GENTE 2734,6/12/2017
1198,116250,PARA TI 4978,7/12/2017
1199,33675,PAPARAZZI 840,6/12/2017
1200,175000,FOLLETO & PAG,11/12/2017
1201,190000,FOLLLETOS PEROZZI,12/12/2017
1202,440000,FOLLETOS ALOISE,12/12/2017
1203,300000,FOLLETOS FAVA,12/12/2017
1204,180000,FOLLETOS AUTHOGAR,21/12/2017
1205,240000,FOLLETOS SAMPIETRO,13/12/2017
1206,70000,DIARIO ATE,13/12/2017
1208,67500,LA VALIJITA 171,14/12/2017
1209,338250,GENTE 2735,15/12/2017
1210,336375,PAPARAZZI 841,14/12/2017
1211,116250,PARA TI 4979,14/12/2017
1212,50000,REIMPRESION REVISTA FJO,20/12/2017
1213,321750,GENTE 2736,21/12/2017
1214,116250,PARA TI 4980,22/12/2017
1215,336375,PAPARAZZI 842,22/12/2017
1216,165440,COSMOPOLITAN 257,27/12/2017
1217,288750,GENTE 2737,28/12/2017
1218,123750,PARA TI 4981,28/12/2017
1219,336375,PAPARAZZI 843,28/12/2017
1220,165275,MUY INTERESANTE 387,29/12/2017
1221,108240,VANIDADES 58-01,28/12/2017
1222,400000,DIARIO ACCION MUNICIPAL,2/01/2018
1223,305250,GENTE 2738,4/01/2018
1224,131250,PARA TI 4982,4/01/2018
1225,336375,PAPARAZZI 844,4/01/2018
1226,210000,FOLLETOS SAMPIETRO,23/01/2018
1227,180000,FOLLETOS AUTHOGAR,9/01/2018
1228,327375,GENTE 2739,15/01/2018
1229,131250,PARA TI 4983,11/01/2018
1230,296125,PAPARAZZI 845,11/01/2018
1231,67500,LA VALIJITA 172,18/01/2018
1232,210000,FOLLETOS CASA SILVIA,23/01/2018
1233,60000,FOLLETOS PAMPA,17/01/2018
1234,190000,FOLLETOS PEROZZI,18/01/2018
1235,270000,FOLLETOS ALOISE,30/01/2018
1236,300000,FOLLETOS FAVA,18/01/2018
1237,164250,MATEMATICA 1,20/04/2018
1238,236250,MATEMATICA 2,9/04/2018
1239,282750,MATEMATICA 3,18/01/2018
1240,403650,AVENTURA MATEMATICA 7/1,9/04/2018
1241,321750,GENTE 2740,18/01/2018
1242,131250,PARA TI,18/01/2018
1243,296125,PAPARAZZI 846,22/01/2018
1244,263500,GENTE 2741,25/01/2018
1245,131250,PARA TI,25/01/2018
1246,296125,PAPARAZZI,25/01/2018
1247,158125,MUY INTERESANTE,29/01/2018
1248,165440,COSMOPOLITAN 258,1/02/2018
1249,297500,GENTE 2742,1/02/2018
1250,131250,PARA TI 4986,1/02/2018
1251,296125,PAPARAZZI 848,1/02/2018
1252,112240,VANIDADES 58-02,1/02/2018
1253,289000,GENTE 2743,9/02/2018
1254,131250,PARA TI 4987,8/02/2018
1255,296125,PAPARAZZI 849,8/02/2018
1256,67500,LA VALIJITA 173,9/02/2018
1257,60000,DIARIO ATE,9/02/2018
1258,289000,GENTE 2744,16/02/2018
1259,230000,FOLLETOS CASA SILVIA,21/02/2018
1260,131250,PARA TI 4988,19/02/2018
1261,296125,PAPARAZZI 850,19/02/2018
1262,180000,FOLLETOS AUTHOGAR,20/02/2018
1263,210000,FOLLETOS SAMPIETRO,20/02/2018
1264,52500,FOLLETOS PAMPA,21/02/2018
1265,300000,FOLLETOS FAVA,20/02/2018
1266,270000,FOLLETOS ALOISE,20/02/2018
1267,190000,FOLLETOS PEROZZI,20/02/2018
1268,125,DIARIO PRUEBA,21/02/2018
1269,266333,GENTE 2746,26/02/2018
1270,131250,PARA TI 4989,27/02/2018
1271,333500,PAPARAZZI 851,23/02/2018
1272,150840,COSMOPOLITAN 259,28/02/2018
1273,151030,MUY INTERESANTE 389,5/03/2018
1274,303250,GENTE 2746,5/03/2018
1275,333500,PAPARAZZI 852,1/03/2018
1276,131250,PARA TI 4990,2/03/2018
1277,103350,VANIDADES 58-03,6/03/2018
1278,323000,GENTE 1276,9/03/2018
1279,333500,PAPARAZZI 853,8/03/2018
1280,63750,LA VALIJITA 174,9/03/2018
1281,150000,EL AJUAR DEL BEBE 37,12/03/2018
1282,5000,LOGO LOGISTICA EKLOG,13/03/2018
1283,70000,DIARIO ATE,14/03/2018
1284,240000,FOLLETO CASA SILVIA ABRIL,15/03/2018
1285,160000,FOLLETO AUTOHOGAR ABRIL,15/03/2018
1286,52500,FOLLETO PAMPA ABRIL,15/03/2018
1287,283333,GENTE 2748,16/03/2018
1288,131250,PARA TI 4992,15/03/2018
1289,333500,PAPARAZZI 1289,15/03/2018
1290,12500,VOLANTE PTS,16/03/2018
1291,300000,FOLLETO FAVA ABRIL,20/03/2018
1292,190000,FOLLETO PEROZZI ABRIL,22/03/2018
1293,270000,FOLLETO ALOISE ABRIL,22/03/2018
1294,152440,COSMOPOLITAN 260 ABRIL,26/03/2018
1294,400000,DIARIO ACCION MUNICIPAL ABRIL,22/03/2018
1295,263500,GENTE 2749,22/03/2018
1296,131250,PARA TI 4993,22/03/2018
1297,333500,PAPARAZZI 855,22/03/2018
1298,149930,MUY INTERESANTE 390 ABRIL,26/03/2018
1300,210000,FOLLETO SAMPIETRO ABRIL,27/03/2018
1301,103350,VANIDADES 58-04,29/03/2018
1302,562500,REVISTA APAISADA,29/03/2018
1303,229300,GENTE 2750,28/03/2018
1304,333500,PAPARAZZI 856,29/03/2018
1305,160000,FOLLETO AUTOHOGAR MAYO,3/04/2018
1306,180000,TEJIDO EXPRESS DOS AGUJAS 76,9/04/2018
1307,263500,GENTE 2751,9/04/2018
1308,131250,PARA TI 4995,9/04/2018
1309,333500,PAPARAZZI 857,9/04/2018
1310,35000,LA VALIJITA ESPECIAL 91,9/04/2018
1311,35000,FOLLETO PAMPA MAYO,18/04/2018
1312,200000,FOLLETO FAVA MAYO,11/04/2018
1313,263500,GENTE 2752,12/04/2018
1314,131250,PARA TI 4996,12/04/2018
1315,333500,PAPARAZZI 858,12/04/2018
1316,63750,LA VALIJITA 175,13/04/2018
1317,10000,DIARIO ATE ESPECIAL 4 PAGINAS,16/04/2018
1318,141000,GUIA DE PUNTOS CROCHET 25,24/04/2018
1319,240000,FOLLETO CASA SILVIA MAYO,18/04/2018
1320,210000,FOLLETO SAMPIETRO MAYO,18/04/2018
1321,30000,DIARIO ATE SANTA FE,20/04/2018
1322,263500,GENTE 2753,19/04/2018
1323,137000,PARA TI 4997 NACIONAL Y URUGUAY,19/04/2018
1324,330625,PAPARAZZI 859,19/04/2018
1325,152440,COSMOPOLITAN 261 MAYO,23/04/2018
1326,190000,FOLLETO PEROZZI MAYO,25/04/2018
1327,270000,FOLLETO ALOISE MAYO,25/04/2018
1328,297500,GENTE 2754,26/04/2018
1329,127500,PARA TI 4998,26/04/2018
1330,327750,PAPARAZZI 860,26/04/2018
1331,139480,MUY INTERESANTE 391 MAYO,27/04/2018
1332,102600,VANIDADES 58-05 MAYO,27/04/2018
1333,2200,REVISTA IMPRESIONES OBRERAS,27/04/2018
1334,299750,GENTE 2755 NACIONAL Y URUGUAY,4/05/2018
1335,127500,PARA TI 4999,3/05/2018
1336,327750,PAPARAZZI 861,3/05/2018
1337,268250,LIBRO DE ORO TEJIDOS 18,8/05/2018
1338,6250,VOLANTE PTS,8/05/2018
1339,150000,DECOPLUS 18,9/05/2018
1340,30000,LA VALIJITA ESPECIAL 92,9/05/2018
1341,52500,FOLLETO PAMPA JUNIO,18/05/2018
1342,255750,GENTE 2756,10/05/2018
1343,28000,TEJIDO EXPRESS 77,10/05/2018
1344,324875,PAPARAZI 862,10/05/2018
1345,62225,LA VALIJITA 176,16/05/2018
1346,40000,DIARIO 4 PAGINAS,16/05/2018
1347,200000,FOLLETO FAVA JUNIO,16/05/2018
1348,190000,FOLLETO PEROZZI JUNIO,17/05/2018
1349,87500,DIARIO ATE,16/05/2018
1350,240000,FOLLETO CASA SILVIA JUNIO,17/05/2018
1351,160000,FOLLETO AUTOHOGAR JUNIO,17/05/2018
1352,210000,FOLLETO SAMPIETRO JUNIO,18/05/2018
1353,270000,FOLLETO ALOISE JUNIO,17/05/2018
1354,272250,GENTE 2757,17/05/2018
1355,127500,PARA TI 5001,17/05/2018
1356,296625,PAPARAZI 863,21/05/2018
1357,130800,COSMOPOLITAN 262 JUNIO,23/05/2018
1358,98850,VANIDADES 58-06,28/05/2018
1359,240250,GENTE 2758,24/05/2018
1360,105600,PARA TI 5002 NACIONAL Y URUGUAY,24/05/2018
1361,267750,PAPARAZZI 864,28/05/2018
1362,126170,MUY INTERESANTE 3962 JUNIO,6/06/2018
1363,120000,PARA TI CROCHET 23,30/05/2018
1364,211334,GENTE 2759,31/05/2018
1365,116250,PARA TI 5003,5/06/2018
1366,267750,PAPARAZZI 865,4/06/2018
1367,30000,LA VALIJITA ESPECIAL 93,6/06/2018
1368,271250,GENTE 2760,8/06/2018
1369,112500,PARA TI 5004,6/06/2018
1370,267750,PAPARAZZI 866,8/06/2018
1371,40000,VOLANTE TABLOIDE,8/06/2018
1372,28000,TEJIDOS EXPRESS 78,12/06/2018
1373,58000,LA VALIJITA 177,14/06/2018
1374,240250,GENTE 2761,14/06/2018
1375,112500,PARA TI 5005,15/06/2018
1376,257250,PAPARAZZI 867,15/06/2018
1377,240000,FOLLETO CASA SILVIA JULIO,20/06/2018
1378,140000,FOLLETO AUTOHOGAR JULIO,19/06/2018
1379,210000,FOLLETO SAMPIETRO JULIO,18/06/2018
1380,60000,DIARIO CTA,19/06/2018
1381,200000,FOLLETO FAVA JULIO,19/06/2018
1382,240250,GENTE 2762,21/06/2018
1383,98500,PARA TI 5006 NACIONAL Y URUGUAY,21/06/2018
1384,254625,PAPARAZZI 868,21/06/2018
1385,170000,DIARIO ACCION MUNICIPAL JULIO,26/06/2018
1386,169719,COSMOPOLITAN 263 JULIO,26/06/2018
1387,106350,VANIDADES 58-07 JULIO,26/06/2018
1388,123420,MUY INTERESANTE 393 JULIO,26/06/2018
1389,75000,FOLLETO ALOISE JULIO,28/08/2018
1390,190000,FOLLETO PEROZZI JULIO,28/06/2018
1391,271250,GENTE 2763,29/08/2018
1392,112500,PARA TI 5007,28/06/2018
1393,254625,PAPARAZZI 869,28/06/2018
1394,25000,CARTILLA MEDICA MUNICIPALIDAD DE ESCOBAR,5/07/2018
1395,75000,DIARIO ATE,12/07/2018
1396,228125,GENTE 2764,5/07/2018
1397,108750,PARA TI 5008,10/07/2018
1398,252000,PAPARAZZI 870,5/07/2018
1399,90000,TEJIDOS PARA TODA LA FAMILIA 79,6/07/2018
1400,5000,SUPLEMENTO LID,10/07/2018
1401,27000,LA VALIJITA ESPECIAL 94,11/07/2018
1402,224750,GENTE 2765,12/07/2018
1403,108750,PARA TI 5009,13/07/2018
1404,252000,PAPARAZZI 871,12/07/2018
1405,42000,GUIA DE PUNTOS DOS AGUJAS 20,12/07/2018
1406,60500,LA VALIJITA 178,13/07/2018
1407,40000,DIARIO ACCION MUNICIPAL SOBRETIRAJE,13/07/2018
1408,3600,AFICHES ENTRADAS Y FLYERS,16/07/2018
1409,200000,FOLLETO FAVA AGOSTO,17/07/2018
1410,232500,GENTE 2766,19/07/2018
1411,92170,PARA TI 5010,19/07/2018
1412,249375,PAPARAZZI 872,19/07/2018
1413,123225,COSMOPOLITAN 264,19/07/2018
1414,160000,FOLLETO AUTOHOGAR AGOSTO,20/07/2018
1415,210000,FOLLETO SAMPIETRO AGOSTO,20/07/2018
1416,33000,FOLLETO PAMPA AGOSTO,20/07/2018
1417,240000,FOLLETO CASA SILVIA AGOSTO,20/07/2018
1419,102562,VANIDADES 58-08 AGOSTO,24/07/2018
1420,232500,GENTE 2767,26/07/2018
1421,105000,PARA TI 5011,26/07/2018
1422,249375,PAPARAZZI 873,26/07/2018
1423,119570,MUY INTERESANTE 394 AGOSTO,26/07/2018
1424,190000,FOLLETO PEROZZI AGOSTO,27/07/2018
1425,112500,FOLLETO ALOISE AGOSTO,27/07/2018
1426,20000,FOLLETO MEGA DIGITAL,2/08/2018
1427,105000,PARA TI 5012,3/08/2018
1428,249375,PAPARAZZI 874,3/08/2018
1429,22500,LA VALIJITA ESPECIAL 95,16/08/2018
1430,28000,TEJIDOS EXPRESS 80,9/08/2018
1431,249375,PAPARAZZI 875,10/08/2018
1432,52500,LA VALIJITA 179,16/08/2018
1433,254625,PAPARAZZI 876,16/08/2018
1434,105000,PARA TI 5014,16/08/2018
1435,87500,DIARIO ATE,22/08/2018
1436,240000,FOLLETO CASA SILVIA SEPTIEMBRE,21/08/2018
1437,210000,FOLLETO SAMPIETRO SEPTIEMBRE,28/08/2018
1438,140000,FOLLETO AUTOHOGAR SEPTIMBRE,28/08/2018
1439,33000,FOLLETO PAMPA SEPTIEMBRE,21/08/2018
1440,200000,FOLLETO FAVA SEPTIEMBRE,22/08/2018
1441,252000,PAPARAZZI 887,24/08/2018
1442,120225,COSMOPOLITAN 265 SEPTIEMBRE,24/08/2018
1443,102562,VANIDADES 58-09 SEPTIEMBRE,17/09/2018
1444,21000,FOLLETO SAMPIETRO SEPTIEMBRE REIMPRESION,28/08/2018
1445,117920,MUY INTERESANTE 395 SEPTIEMBRE,28/08/2018
1446,100000,FOLLETO PEROZZI SEPTIEMBRE,7/09/2018
1447,112500,FOLLETO ALOISE SEPTIEMBRE,29/08/2018
1448,252000,PAPARAZZI 878,30/08/2018
1449,250000,DIARIO ACCION MUNICIPAL SEPTIEMBRE,31/08/2018
1450,80,ENTRADAS MADYGRAF,5/09/2018
1451,16250,FOLLETO PTS,6/09/2018
1452,252000,PAPARAZZI 879,7/09/2018
1453,20000,LA VALIJITA ESPECIAL 96,10/09/2018
1454,38560,LA VALIJITA 180,12/09/2018
1455,66000,TEJIDOS EXPRES DOS AGUJAS 81,11/09/2018
1456,140000,FOLLETO SAMPIETRO OCTUBRE,19/09/2018
1459,249375,PAPARAZZI 880,14/09/2018
1460,63750,DECOPLUS 19,14/09/2018
1461,500,FLYERS MADYGRAF,17/09/2018
1462,9000,BILLIKEN ONE SHOT A BUSCAR EN LA CIUDAD APAISADA,19/09/2018
1463,160000,FOLLETO FAVA OCTUBRE,19/09/2018
1464,249375,PAPARAZZI 881,20/09/2018
1465,35000,EL AJUAR DEL BEBE 38,21/10/2018
1466,15000,FOLLETO FERIA PURO DISEÑO OCTUBRE 2018,4/10/2018
1467,3000,TARJETAS VARIAS,21/09/2018
1468,60000,DIARIO CTA,26/09/2018
1469,114070,MUY INTERESANTE 396,26/09/2018
1470,113475,COSMOPOLITAN 266 OCTUBRE,2/10/2018
1473,246750,PAPARAZZI 882,28/09/2018
1474,100312,VANIDADES 58-10,2/10/2018
1475,190000,FOLLETO PEROZZI OCTUBRE,2/10/2018
1476,112500,FOLLETO ALOISE OCTUBRE,2/10/2018
1477,15000,VOLANTE A4 PTS,28/09/2018
1478,200000,FOLLETO AUTOHOGAR OCTUBRE,28/09/2018
1479,33000,FOLLETO PAMPA OCTUBRE,2/10/2018
1480,62500,DIARIO ATE OCTUBRE,2/10/2018
1481,246750,PAPARAZZI 883,5/10/2018
1482,20000,LA VALIJITA ESPECIAL 97,11/10/2018
1483,294000,PARA TI DECO 165,13/12/2018
1484,246750,PAPARAZZI 884,16/10/2018
1485,3000,AFICHE ASTILLERO,12/10/2018
1486,37360,LA VALIJITA 181,16/10/2018
1487,17500,VOLANTE A4 PTS,18/10/2018
1488,16666,CARTON PARA BOLSA CODIGO PK075,17/10/2018
1489,10000,CARTON PARA BOLSA CODIGO PK076,17/10/2018
1490,246750,PAPARAZZI 885,22/10/2018
1491,40000,DIARIO CTA,19/10/2018
1492,140000,FOLLETO FAVA NOVIEMBRE,22/10/2018
1493,30000,FOLLETO PAMPA NOVIEMBRE,23/10/2018
1494,105975,COSMOPOLITAN 267,24/10/2018
1495,98812,VANIDADES 58-12,24/10/2018
1496,210000,FOLLETO SAMPIETRO NOVIEMBRE,25/10/2018
1497,140000,FOLLETO AUTOHOGAR NOVIEMBRE,25/10/2018
1498,244125,PAPARAZZI 886,25/10/2018
1499,114070,MUY INTERESANTE 397,25/10/2018
1500,1250,CUADERNO MADYGRAF,30/10/2018
1501,150000,FOLLETO ALOISE NOVIEMBRE,30/10/2018
1502,190000,FOLLETO PEROZZI NOVIEMBRE,30/10/2018
1503,22500,VOLANTE TABLOIDE,31/10/2018
1504,240000,DIARIO ACCION MUNICIPAL OCTUBRE,31/10/2018
1505,75000,DIARIO ATE NOVIEMBRE,1/11/2018
1506,244125,PAPARAZZI 887,6/11/2018
1507,30000,FOLLETO PAMPA DICIEMBRE,8/11/2018
1510,244125,PAPARAZZI 888,12/11/2018
1511,37360,LA VALIJITA 182,13/11/2018
1512,20000,LA VALIJITA ESPECIAL98,15/11/2018
1513,62500,REVISTA FJU IGLESIA UNIVERSAL,14/11/2018
1514,50,PRUEBA DE IMPRESION FACTURAS TELE RED,15/11/2018
1515,48750,DECOPLUS,20/11/2018
1516,244125,PAPARAZZI 889,15/11/2018
1517,160000,FOLLETO FAVA DICIEMBRE,20/11/2018
1518,16666,CARTON PARA BOLSA CODIGO PK075,21/11/2018
1519,10000,CARTON PARA BOLSA CODIGO PK076,21/11/2018
1520,210000,FOLLETO SAMPIETRO DICIEMBRE,23/11/2018
1521,200000,FOLLETO AUTOHOGAR NOVIEMBRE,22/11/2018
1522,10000,VOLANTE TABLOIDE,22/11/2018
1523,238875,PAPARAZZI 890,22/11/2018
1524,102225,COSMOPOLITAN 268,22/11/2018
1525,98812,VANIDADES 58-12,22/11/2018
1526,114070,MUY INTERESANTE 398,22/11/2018
1527,190000,FOLLETO PEROZZI DICIEMBRE,3/12/2018
1528,150000,FOLLETO ALOISE DICIEMBRE,26/11/2018
1529,,REVISTA APAISADA MUNICIPIO DE ESCOBAR,31/1/2019
1530,238875,PAPARAZZI 891,3/12/2018
1531,238875,PAPARAZZI 892,17/12/2018
1532,210000,PARA TI DECO 166,13/12/2018
1533,238875,PAPARAZZI 893,13/12/2018
1534,150000,FOLLETO ALOISE ENERO,18/12/2018
1535,160000,FOLLETO FAVA ENERO,18/12/2018
1536,238875,PAPARAZZI 894,20/12/2018
1537,160000,FOLLETO AUTOHOGAR ENERO,27/12/2018
1538,228375,PAPARAZZI 895,28/12/2018
1539,93750,COSMOPOLITAN 269,2/1/2019
1540,93750,VANIDADES 59-01,4/1/2019
1541,110000,MUY INTERESANTE399,2/1/2019
1542,3500,PARA TEENS 183,2/1/2019
1543,228375,PAPARAZZI 896,4/1/2019
1544,228375,PAPARAZZI 897,14/1/2019
1545,50000,CARTON PARA BOLSAS CODIGO PK075,15/1/2019
1546,10000,CARTON PARA BOLSAS CODIGO PK076,15/1/2019
1547,228375,PAPARAZZI 898,22/1/2019
1548,160000,FOLLETO FAVA FEBRERO,22/1/2019
1549,160000,FOLLETO AUTOHOGAR FEBRERO,23/1/2019
1550,3500,PARA TEENS 184,25/1/2019
1551,220500,PAPARAZZI 899,29/1/2019
1552,7500,FOLLETO DIPTICO,27/1/2019
1553,1500,VOLANTES AS,1/2/2019
1554,2000,AFICHES,7/2/2019
1555,93000,COSMOPOLITAN 270,30/1/2019
1556,262500,PAPARAZZI 900,1/2/2019
1557,262500,PAPARAZZI 901,7/2/2019
1559,93750,VANIDADES 59-02,4/2/2019
1560,108900,MUY INTERESANTE 400,4/2/2019
1561,212500,AIRE LIBRE N°38,
1562,40000,FOLLETO,20/2/2019
1563,262500,PAPARAZZI N°902,19/2/2019
1564,400000,DIARIO CATALEJO,21/2/2019
1565,240000,FOLLETOS FAVA MARZO,25/2/2019
1566,240000,FOLLETOS AUTHOGAR MARZO,28/2/2019
1567,60000,FOLLETOS PAMPA MARZO,28/2/2019
1568,262500,PAPARAZZI N°903,26/2/2019
1569,93750,VANIDADES N°59-03 - MARZO,8/3/2019
1570,93000,COSMOPOLITAN N°271 MARZO,12/3/2019
1571,108900,MUY INTERESANTE 401 MARZO,11/3/2019
1572,3500,PARA TEENS N°185 LAMINA,1/3/2019
1573,250000,FOLLETO 8 PAGINAS,6/3/2019
1574,50000,FOLLETO 8 PAGINAS,6/3/2019
1575,220500,PAPARAZZI N°904,6/3/2019
1576,7500,FOLLETO,9/3/2019
1577,262500,PAPARAZZI N°905,12/3/2019
1578,125000,DIARIO ATE MARZO,14/3/2019
1579,21875,CUADERNO 48 HOJAS,12/3/2019
1580,215250,PAPARAZZI N°906,13/3/2019
1581,5000,AFICHE,19/3/2019
1582,240000,FOLLETOS FAVA MARZO,22/3/2019
1583,60000,FOLLETOS PAMPA ABRIL,29/3/2019
1584,50,CUADERNO 96 HOJAS,21/3/2019
1585,8333,VOLANTE SHEETER,21/3/2019
1585,8333,VOLANTE PTS,
1586,215250,PAPARAZZI N°907,23/3/2019
1587,2000,AFICHE,25/3/2019
1588,80000,FOLLETOS AUTHOGAR ABRIL,29/3/2019
1589,3500,PARA TEENS 186,3/4/2019
1590,23200,BOLETAS MENDOZA PTS,28/3/2019
1591,215250,PAPARAZZI N°908,3/4/2019
1592,25000,VOLANTE PTS,5/4/2019
1593,,DIARIO ACCION MUNICIPAL ABRIL,5/4/2019
1594,3000,AFICHE LINEA 60,3/4/2019
1595,18750,VOLANTE,5/4/2019
1596,215250,PAPARAZZI N°909,9/4/2019
1597,,AFICHE REGGAE,9/4/2019
1598,1000,AFICHE PEÑA,9/4/2019
1599,256250,PAPARAZZI N°910,16/4/2019
1600,240000,FOLLETOS AUTOHOGAR MAYO,29/4/2019
1601,240000,FOLLETOS FAVA MAYO,25/4/2019
1602,60000,FOLLETOS PAMPA MAYO,29/4/2019
1603,260000,FOLLETOS CASA SILVIA MAYO,25/4/2019
1604,140000,CARTON PARA BOLSAS,16/4/2019
1609,256250,Paparazzi N°911,23/4/2019
1610,60000,FOLLETO TABLOIDE,24/4/2019
1611,256250,PAPARAZZI 912,25/4/2019
1612,382500,LIBRO LA MAQUINA DEL TIEMPO,29/4/2019
1613,2000,AFICHE FESTIVAL MADYGRAF,30/4/2019
1614,256250,PAPARAZZI 913,6/5/2019
1615,20000,VOLANTE PTS JUJUY,6/5/2019
1616,62500,GENTE 2807,7/5/2019
1617,27000,BOLETAS 2 MENDOZA ZONA 1 PTS,9/5/2019
1618,16100,BOLETAS 2 MENDOZA ZONA 2 PTS,9/5/2019
1619,10000,BOLETAS MENDOZA ZONA 3 PTS,9/5/2019
1620,63000,BOLETAS MENDOZA ZONA 4 PTS,10/5/2019
1621,30700,BOLETAS MENDOZA ZONA 5 PTS,9/5/2019
1622,69000,BOLETAS MENDOZA ZONA 6 PTS,10/5/2019
1623,105100,BOLETAS MENDOZA ZONA 7 PTS,9/5/2019
1624,215250,PAPARAZZI 914,10/5/2019
1625,65000,GENTE 2808,10/5/2019
1626,3500,PARA TEENS 187,20/5/2019
1631,125000,BOLETAS FIT JUJUY,15/5/2019
1632,160000,FOLLETO AUTOHOGAR JUNIO,17/5/2019
1633,60000,FOLLETO PAMPA JUNIO,17/5/2019
1634,160000,FOLLETO FAVA JUNIO,21/5/2019
1635,173250,PAPARAZZI 950,17/5/2019
1636,240000,DIARIO ACCION MUNICIPAL MAYO,21/5/2019
1639,173250,PAPARAZZI N°916,28/5/2019
1640,1500,AFICHE FESTIVAL MADYGRAF KERMESSE,30/5/2019
1644,168000,PAPARAZZI N°917,4/6/2019
1645,120000,REVISTA ESCOBAR,6/6/2019
1646,190625,PAPARAZZI 918,6/6/2019
1647,38000,BILLIKEN 5141,12/6/2019
1648,75000,DIARIO ATE JUNIO,12/6/2019
1649,184437,PAPARAZZI 919,13/6/2019
1650,3500,PARA TEENS REVIPOSTER 6,14/6/2019
1651,240000,FOLLETO FAVA JULIO,18/6/2019
1652,240000,FOLLETO AUTHOGAR,18/6/2019
1653,60000,FOLLETO PAMPA JULIO,18/6/2019
1654,260000,FOLLETO CASA SILVIA JULIO,24/6/2019
1655,157500,PAPARAZZI 920,24/6/2019
1657,26666,VOLANTE PTS,27/6/2019
1659,187500,PAPARAZZI 921,27/6/2019
1661,157500,PAPARAZZI N°922,10/7/2019
1662,203800,DIARIO CATALEJO JULIO,
1662,26200,DIARIO CATALEJO JULIO,8/7/2019
1663,333333,BOLETAS 2 CUERPOS GALVAN,12/7/2019
1664,25000,FOLLETO PTS,12/7/2019
1665,25000,RENGLON 34 MAR DEL PLATA,14/7/2019
1666,10555,BOLETAS CORRIENTES PTS,11/7/2019
1667,33333,BOLETAS JUJUY PTS,12/7/2019
1668,187500,PAPARAZZI N°923,16/7/2019
1669,2000,PARA TEENS REVIPOSTER N° 7,22/7/2019
1671,122222,BOLETAS SANTA FE PTS,15/7/2019
1672,10000,DIARIO CCK,17/7/2019
1673,104444,BOLETAS MENDOZA PTS,17/7/2019
1674,80000,"BOLETAS COMUNA 1,2,3 PTS",
1675,80000,"BOLETAS COMUNA 4,5,6 PTS",
1676,53333,"BOLETAS COMUNA 7,8 PTS",
1677,10000,RENGLON 34 PROVINCIA DE BS AS,19/7/2019
1678,157500,PAPARAZZI N°924,23/7/2019
1681,160000,FOLLETOS FAVA AGOSTO,25/7/2019
1682,15500,FOLLETO ATE,19/7/2019
1683,10000,RENGLON 34 PROVINCIA DE BS AS A3,19/7/2019
1684,50000,BOLETAS 5 CUERPOS ZONA 1,24/7/2019
1685,35000,BOLETAS 5 CUERPOS ZONA 2,24/7/2019
1686,16000,BOLETAS 5 CUERPOS ZONA 3,24/7/2019
1687,19000,BOLETAS 5 CUERPOS ZONA 4,24/7/2019
1688,75000,BOLETAS 4 CUERPOS ZONA 5,24/7/2019
1689,333333,BOLETAS 5 CUERPOS,
1690,15000,BOLETAS 5 CUERPOS ZONA 6,24/7/2019
1691,100000,BOLETAS 5 CUERPOS CAMBIEMOS MORON,24/7/2019
1692,350000,BOLETAS 5 CUERPOS CONVINADAS,23/7/2019
1693,260000,BOLETAS 5 CUERPOS ZONA 7,
1694,11000,BOLETAS 5 CUERPOS ZONA 8,24/7/2019
1695,273333,BOLETAS 5 CUERPOS SAN ISIDRO,26/7/2019
1696,80000,BOLETAS 5 CUERPOS RODRIGUEZ,26/7/2019
1697,130000,BOLETAS 5 CUERPOS ZONA 9,
1698,30000,RENGLON 34 PROVINCIA DE BS AS 3° ENTREGA,25/7/2019
1699,54000,BOLETAS 5 CUERPOS ZONA 10,
1700,95000,BOLETAS 5 CUERPOS ZONA 11,
1701,5000,RENGLON 34 PROVINCIA DE BS AS 4° ENTREGA,23/7/2019
1702,29666,BOLETAS 5 CUERPOS ZONA 12,
1703,30000,BOLETAS 5 CUERPOS ZONA 13,25/7/2019
1704,129000,BOLETAS 5 CUERPOS ZONA 14,
1705,145000,BOLETAS 5 CUERPOS ZONA 15,
1706,46333,BOLETAS 5 CUERPOS ZONA 16,
1707,30000,FOLLETOS PAMPA AGOSTO,26/7/2019
1708,45000,Boletas 5 Cuerp Parcial Convinado 1,26/7/2019
1709,95000,Boletas 5 Cuerp Parcial Convinado 2,26/7/2019
1710,50000,TABLOIDE,
1711,6250,RENGLON 34 PROVINCIA DE BS AS 5° ENTREGA,27/7/2019
1712,60000,BOLETAS 5 CUERPOS ZONA 17,25/7/2019
1713,157500,PAPARAZZI N°925,30/7/2019
1714,38000,BILLIKEN N°5142,6/8/2019
1715,5333,BOLETAS 5 CUERPOS ZONA 18,26/7/2019
1716,80000,BOLETAS 5 CUERPOS FINAL ITUZAINGO,26/7/2019
1717,160000,DIARIO CATALEJO JULIO,27/7/2019
1718,65000,BOLETAS 5 CUERPOS CONVINADO 3,28/7/2019
1720,10000,BOLETAS 5 CUERPOS ZONA 19,29/7/2019
1721,15000,BOLETAS 5 CUERPOS ZONA 20,29/7/2019
1722,30000,BOLETAS 5 CUERPOS SAN ISIDRO,30/7/2019
1724,70000,BOLETAS 5 CUERPOS MORENO,31/7/2019
1725,30175,LIBRO LA MAQUINA DEL TIEMPO REIMPRESION,1/8/2019
1726,70000,BOLETAS 5 CUERPOS ITUIZANGO,1/8/2019
1727,12500,RENGLON 34 PROVINCIA DE BS AS 6º ENTREGA REIMPRESION,2/8/2019
1728,5000,RENGLON 34 PROVINCIA DE BS AS 7º ENTREGA,1/8/2019
1729,10000,BOLETAS 5 CUERPOS ZONA 21 + 1 BOLETA ESCOBAR,2/8/2019
1730,30000,BOLETAS 5 CUERPOS ZONA 22 + 1 BOLETA ESCOBAR,2/8/2019
1731,157500,PAPARAZZI 926,2/8/2019
1732,13333,BOLETAS 5 CUERPOS CHOFFI ESCOBAR,3/8/2019
1733,240000,DIARIO ACCION MUNICIPAL AGOSTO,3/8/2019
1734,3000,BOLETAS 5 CUERPOS ZONA 23,7/8/2019
1742,2000,PARA TEENS REVIPOSTER N8,7/8/2019
1743,157500,PAPARAZZI 927,8/8/2019
1744,16666,CARTON PARA BOLSAS,13/8/2019
1746,2500,AFICHE FESTIVAL MADYGRAF,9/8/2019
1747,42500,PAPARAZZI 928,16/8/2019
1749,27500,RENGLON 34 PROVINCIA DE BS AS 11 ENTREGA,22/8/2019
1750,2500,RENGLON 34 PROVINCIA DE BS AS 12 ENRTEGA,22/8/2019
1751,42500,PAPARAZZI 929,23/8/2019
1752,0,REVISTA GUIA DOCENTE,26/8/2019
1753,75000,DIARIO ATE SEPTIEMBRE,27/8/2019
1755,5000,RENGLON 34 PROVINCIA DE BS AS 13 ENTREGA,29/8/2019
1756,68000,PAPARAZZI 930,30/8/2019
1757,13333,CARTON PARA BOLSAS,1/9/2019
1758,2500,AFICHE FESTIVAL MADYGRAF,2/9/2019
1759,0,REVISTA RSO,2/9/2019
1760,2500,HOJA DE PISO CCK,5/9/2019
1761,68000,REVISTA PAPARAZZI 931,5/9/2019
1763,2000,PARA TEENS REVIPOSTER 9,6/9/2019
1764,5000,RENGLON 34 PROVINCIA DE BS AS 14 ENTREGA,6/9/2019
1765,94424,BOLETAS MENDOZA ZONA 1,10/9/2019
1766,105096,BOLETAS MENDOZA ZONA 2,10/9/2019
1767,44601,BOLETAS MENDOZA ZONA 3,10/9/2019
1768,11704,BOLETAS MENDOZA ZONA 4,10/9/2019
1769,15048,BOLETAS MENDOZA ZONA 5,10/9/2019
1770,78750,PAPARAZZI N°933,24/9/2019
1771,120000,"FOLLETO OCTUBRE
",30/9/2019
1772,147000,PAPARAZZI N°934,1/10/2019
1773,54000,BILLIKEN N°5143,21/10/2019
1774,120000,FOLLETOS INTERPRINT,21/10/2019
1775,72250,PAPARAZZI N°932,17/9/2019
1777,119000,PAPARAZZI N°934,1/10/2019
1778,60000,DIARIO ACCION MUNICIPAL Octubre,4/10/2019
1780,,BOLETAS SANTA FE,
1781,83333,BOLETAS MENDOZA,
1782,38888,BOLETAS JUJUY,
1783,5000,RENGLON 34 PROVINCIA DE BS AS 18° ENTREGA,5/10/2019
1784,333333,BOLETAS 5 CUERPOS MALVINAS ARGENTINA,8/10/2019
1785,333333,BOLETAS 5 CUERPOS ESCOBAR,
1786,15000,BOLETAS 5 CUERPOS NAVARRO,
1787,186666,BOLETAS 5 CUERPOS ITUZAIGO,11/10/2019
1788,119000,PAPARAZZI N°935,8/10/2019
1789,33000,BOLETAS SEPTIMA SECCION - ZONA 1,
1789,33000,BOLETAS SEPTIMA SECCION - ZONA 1,
1790,22300,BOLETAS SEPTIMA SECCION - ZONA 2,
1791,9900,BOLETAS CUARTA SECCION - ZONA 3,
1792,59300,BOLETAS CUARTA SECCION - ZONA 4,
1793,10200,BOLETAS PRIMERA SECCION - ZONA 5,
1794,63300,BOLETAS PRIMERA SECCION - ZONA 6,
1795,45500,BOLETAS PRIMERA SECCION - ZONA 7,
1796,97800,BOLETAS PRIMERA SECCION - ZONA 8,
1797,137200,BOLETAS PRIMERA SECCION - ZONA 9,
1798,149300,BOLETAS PRIMERA SECCION - ZONA 10,
1799,179200,BOLETAS PRIMERA SECCION - ZONA 11,
1800,216200,BOLETAS PRIMERA SECCION - ZONA 12,
1801,50000,VOLANTE A5,8/10/2019
1802,2500,AFICHE LAS MANOS DE FILIPPI FESTIVAL MADYGRAF,8/10/2019
1803,266666,BOLETAS 5 CUERPOS SAN ISIDRO,11/10/2019
1804,84700,"BOLETAS COMUNA 1,4,8 PTS",
1805,52850,"BOLETAS COMUNA 2,5 PTS",
1806,77200,"BOLETAS COMUNA 3,6,7 PTS",
1807,119000,PAPARAZZI N°936,15/10/2019
1808,100000,BOLETAS VICENTE LOPEZ,14/10/2019
1809,186666,BOLETAS BERAZATEGUI,14/10/2019
1810,30000,BOLETAS 1ra SECCION TODOS,14/10/2019
1811,40000,BOLETAS 5 CASTELLI,15/10/2019
1812,3000,AFICHE FESTIVAL DAMAS GRATIS,
1816,45833,VOLANTE A5 PCIA DE BS AS 2,8/10/2019
1816,119000,PAPARAZZI N°937,22/10/2019
1818,29000,"BOLETAS SOBRE TIRAJE COMUNA 1,4,5 PTS",
1819,33000,"BOLETAS SOBRE TIRAJE COMUNA 6,7,8 PTS",
1820,4000,BOLETAS SOBRE TIRAJE COMUNA 3,
1821,2000,PARA TEENS REVIPOSTER N° 10,
1822,13333,BOLETAS FRENTE DE TODOS,23/10/2019
1823,114750,PAPARAZZI N°938,29/10/2019
1824,4666,BOLETAS CAMBIEMOS 1 CUERPO,24/10/2019
1825,120000,FOLLETO NOVIEMBRE,5/11/2019
1826,114750,PAPARAZZI N°939,5/11/2019
1828,8333,CARTON PARA BOLSAS,4/11/2019
1829,75000,DIARIO ATE NOVIEMBRE,13/11/2019
1830,8333,VOLANTE PTS CHILE,7/11/2019
1831,30000,FOLLETOS FAVA DICIEMBRE,25/11/2019
1832,113900,PAPARAZZI N°940,12/11/2019
1833,113900,PAPARAZZI N°941,19/11/2019
1834,15000,FOLLETOS PAMPA DICIEMBRE,29/11/2019
1835,113900,PAPARAZZI N°942,26/11/2019
1836,50000,FOLLETO 8 PAG,26/11/2019
1837,113900,PAPARAZZI N°943,3/12/2019
1840,42833,FOLLETO VOLANTE,7/11/2019
1841,30000,FOLLETOS FAVA ENERO,27/12/2019
1842,113900,PAPARAZZI N°944,10/12/2019
1843,150000,FOLLETO PAPA NOEL,10/12/2019